subject_name,chapter_number,question_text,marks,hint,easy_answer,keywords,question_type,difficulty,pyq_year,question_paper_id
Hindi,1.1,“भारत महिमा” पाठ का मुख्य विषय क्या है?,1,"पाठाचा मुख्य विषय लक्षात ठेवा: भारतीय संस्कृति, ज्ञान, प्रकृति और विश्वकल्याण की गौरवपूर्ण भावना.","या पाठाचा मुख्य विषय भारतीय संस्कृति, ज्ञान, प्रकृति और विश्वकल्याण की गौरवपूर्ण भावना आहे.","भारत,राष्ट्रीय गौरव",Important,Easy,,
Hindi Lokbharati,1.1,“भारत महिमा” पाठ से मिलने वाला प्रमुख संदेश क्या है?,1,पाठातील मूल्य किंवा संदेश आठवा: राष्ट्रीय गौरव.,पाठाचा प्रमुख संदेश राष्ट्रीय गौरव या मूल्याला महत्त्व देणे हा आहे.,"भारत,राष्ट्रीय गौरव,संदेश",Important,Easy,,
Hindi Lokbharati,1.1,“भारत महिमा” की रचना-विधा क्या है?,1,रचना के साहित्यिक प्रकार पर ध्यान दें.,“भारत महिमा” की रचना-विधा कविता है.,"भारत,कविता",Important,Easy,,
Hindi Lokbharati,1.1,“भारत महिमा” के रचनाकार कौन हैं?,1,पाठ के लेखक/कवि का नाम याद करें.,“भारत महिमा” के रचनाकार जयशंकर प्रसाद हैं.,"भारत,जयशंकर प्रसाद",Important,Easy,,
Hindi Lokbharati,1.1,“भारत महिमा” में किस मानवीय मूल्य पर विशेष जोर मिलता है?,1,पाठ का मूल्य-आधारित संदेश सोचें.,इस पाठ में राष्ट्रीय गौरव के मानवीय मूल्य पर विशेष जोर मिलता है.,"भारत,राष्ट्रीय गौरव,मानवीय मूल्य",Important,Easy,,
Hindi Lokbharati,1.1,“भारत महिमा” का शीर्षक पाठ के आशय से कैसे जुड़ता है?,2,शीर्षक और मुख्य विचार का संबंध बताइए.,शीर्षक भारत के माध्यम से पाठ के मुख्य आशय की ओर संकेत करता है और भारत की महान सांस्कृतिक परंपरा और विश्व को ज्ञान देने की भावना को स्पष्ट करता है.,"भारत,शीर्षक,आशय",Important,Easy,,
Hindi Lokbharati,1.1,“भारत महिमा” से विद्यार्थियों को क्या सीख मिलती है?,2,व्यावहारिक जीवन से जोड़कर उत्तर दें.,विद्यार्थियों को राष्ट्रीय गौरव अपनाने और भारत की महान सांस्कृतिक परंपरा और विश्व को ज्ञान देने की भावना को जीवन में उतारने की सीख मिलती है.,"भारत,शिक्षा,राष्ट्रीय गौरव",Important,Easy,,
Hindi Lokbharati,1.1,“भारत महिमा” में लेखक/कवि ने किस दृष्टिकोण को सामने रखा है?,2,लेखक की मूल दृष्टि पहचानें.,"रचनाकार ने भारतीय संस्कृति, ज्ञान, प्रकृति और विश्वकल्याण की गौरवपूर्ण भावना को केंद्र में रखकर संवेदनशील और विचारपूर्ण दृष्टिकोण प्रस्तुत किया है.","भारत,दृष्टिकोण",Important,Easy,,
Hindi Lokbharati,1.1,“भारत महिमा” का संबंध आज के जीवन से कैसे जोड़ा जा सकता है?,2,आजच्या समाजातील उदाहरणाचा विचार करा.,आज के जीवन में भी राष्ट्रीय गौरव आवश्यक है; इसलिए पाठ का संदेश व्यवहार में उपयोगी है.,"भारत,वर्तमान जीवन,संदेश",Important,Easy,,
Hindi Lokbharati,1.1,“भारत महिमा” के आधार पर एक वाक्य में पाठ का सार लिखिए।,2,मुख्य विचार को एक वाक्य में समेटें.,"यह रचना भारतीय संस्कृति, ज्ञान, प्रकृति और विश्वकल्याण की गौरवपूर्ण भावना के माध्यम से भारत की महान सांस्कृतिक परंपरा और विश्व को ज्ञान देने की भावना का प्रभावी संदेश देती है.","भारत,सारांश",Important,Easy,,
Hindi Lokbharati,1.1,“भारत महिमा” में राष्ट्रीय गौरव का महत्व अपने शब्दों में स्पष्ट कीजिए।,2,मूल्य और पाठ का संबंध बताइए.,राष्ट्रीय गौरव से व्यक्ति का दृष्टिकोण मजबूत होता है और पाठ में यही मूल्य भारत की महान सांस्कृतिक परंपरा और विश्व को ज्ञान देने की भावना के रूप में सामने आता है.,"भारत,राष्ट्रीय गौरव,स्पष्टीकरण",Important,Medium,,
Hindi Lokbharati,1.1,“भारत महिमा” के प्रमुख विचार को दो बिंदुओं में लिखिए।,2,मुख्य आशय के दो छोटे मुद्दे लिखें.,"१) भारतीय संस्कृति, ज्ञान, प्रकृति और विश्वकल्याण की गौरवपूर्ण भावना २) भारत की महान सांस्कृतिक परंपरा और विश्व को ज्ञान देने की भावना","भारत,मुख्य विचार",Important,Medium,,
Hindi Lokbharati,1.1,“भारत महिमा” के आधार पर रचनाकार का उद्देश्य स्पष्ट कीजिए।,3,"रचना क्यों लिखी गई होगी, यह सोचें.","रचनाकार का उद्देश्य भारतीय संस्कृति, ज्ञान, प्रकृति और विश्वकल्याण की गौरवपूर्ण भावना को प्रभावी ढंग से सामने लाना और पाठक को राष्ट्रीय गौरव के प्रति जागरूक करना है.","भारत,उद्देश्य,राष्ट्रीय गौरव",Important,Medium,,
Hindi Lokbharati,1.1,“भारत महिमा” में व्यक्त विचारों की वर्तमान समाज में उपयोगिता स्पष्ट कीजिए।,3,पाठ का संदेश आजच्या परिस्थितीशी जोडा.,आज भी राष्ट्रीय गौरव की आवश्यकता है; इसलिए भारत की महान सांस्कृतिक परंपरा और विश्व को ज्ञान देने की भावना से जुड़ा संदेश सामाजिक और व्यक्तिगत जीवन में उपयोगी है.,"भारत,वर्तमान समाज,उपयोगिता",Important,Medium,,
Hindi Lokbharati,1.1,“भारत महिमा” के आशय को समझाने के लिए उपयुक्त उदाहरण दीजिए।,3,पाठ के संदेश से मिलता-जुलता जीवन-उदाहरण सोचें.,उदाहरण के रूप में ऐसा प्रसंग लिया जा सकता है जिसमें व्यक्ति राष्ट्रीय गौरव को अपनाकर भारत की महान सांस्कृतिक परंपरा और विश्व को ज्ञान देने की भावना को व्यवहार में सिद्ध करता है.,"भारत,उदाहरण,राष्ट्रीय गौरव",Important,Medium,,
Hindi Lokbharati,1.1,“भारत महिमा” की भाषा/शैली की एक विशेषता लिखकर उसका प्रभाव बताइए।,3,रचना-विधा के अनुसार शैली का विचार करें.,"रचना की कविता शैली विषय को सहज और प्रभावी बनाती है तथा भारतीय संस्कृति, ज्ञान, प्रकृति और विश्वकल्याण की गौरवपूर्ण भावना को पाठक तक स्पष्ट रूप से पहुँचाती है.","भारत,भाषा,शैली",Important,Medium,,
Hindi Lokbharati,1.1,“भारत महिमा” का चिकित्सक/शिक्षक/विद्यार्थी/समाजसेवकाच्या दृष्टिकोनातून संदेश स्पष्ट कीजिए।,4,भूमिका बदलूनही मुख्य मूल्य कायम ठेवा.,कोणत्याही सामाजिक भूमिकेतून पाहिले तरी राष्ट्रीय गौरव महत्त्वाचे आहे; रचना भारत की महान सांस्कृतिक परंपरा और विश्व को ज्ञान देने की भावनाद्वारे जबाबदार आणि संवेदनशील वर्तनाची प्रेरणा देते.,"भारत,दृष्टिकोन,राष्ट्रीय गौरव",Important,Hard,,
Hindi Lokbharati,1.1,“भारत महिमा” के मुख्य विचार और उसके सामाजिक प्रभाव में संबंध स्पष्ट कीजिए।,4,मुख्य विचार → व्यक्ति → समाज असा संबंध मांडावा.,"रचनेतील भारतीय संस्कृति, ज्ञान, प्रकृति और विश्वकल्याण की गौरवपूर्ण भावना व्यक्तीच्या विचारांना दिशा देते; राष्ट्रीय गौरव वाढल्यास सामाजिक वर्तन अधिक संवेदनशील होते आणि भारत की महान सांस्कृतिक परंपरा और विश्व को ज्ञान देने की भावना साध्य होण्यास मदत होते.","भारत,सामाजिक प्रभाव",Important,Hard,,
Hindi Lokbharati,1.1,“भारत महिमा” के आधार पर “आज के विद्यार्थी के लिए क्या करना चाहिए?” विषय पर संक्षिप्त उत्तर लिखिए।,4,पाठातील मूल्याचे कृतीत रूपांतर करा.,विद्यार्थ्यांनी राष्ट्रीय गौरव स्वीकारून भारत की महान सांस्कृतिक परंपरा और विश्व को ज्ञान देने की भावना प्रत्यक्ष कृतीत आणावे आणि पाठातून मिळणारा सकारात्मक संदेश दैनंदिन जीवनात वापरावा.,"भारत,विद्यार्थी,कृती,राष्ट्रीय गौरव",Important,Hard,,
Hindi Lokbharati,1.1,"“भारत महिमा” का 4 अंकों के लिए संक्षिप्त विश्लेषण कीजिए—विषय, संदेश, मूल्य और वर्तमान उपयोगिता।",4,चार मुद्दे क्रमाने लिहा.,"विषय: भारतीय संस्कृति, ज्ञान, प्रकृति और विश्वकल्याण की गौरवपूर्ण भावना; संदेश: भारत की महान सांस्कृतिक परंपरा और विश्व को ज्ञान देने की भावना; मूल्य: राष्ट्रीय गौरव; वर्तमान उपयोगिता: आजच्या जीवनात या विचाराचा प्रत्यक्ष उपयोग होतो.","भारत,विश्लेषण,राष्ट्रीय गौरव,वर्तमान उपयोगिता",Important,Hard,,
Hindi Lokbharati,1.2,“लक्ष्मी” पाठ का मुख्य विषय क्या है?,1,"पाठाचा मुख्य विषय लक्षात ठेवा: परिश्रम, आत्मसम्मान और जीवन में सही दृष्टिकोण.","या पाठाचा मुख्य विषय परिश्रम, आत्मसम्मान और जीवन में सही दृष्टिकोण आहे.","लक्ष्मी,आत्मसम्मान",Important,Easy,,
Hindi Lokbharati,1.2,“लक्ष्मी” पाठ से मिलने वाला प्रमुख संदेश क्या है?,1,पाठातील मूल्य किंवा संदेश आठवा: आत्मसम्मान.,पाठाचा प्रमुख संदेश आत्मसम्मान या मूल्याला महत्त्व देणे हा आहे.,"लक्ष्मी,आत्मसम्मान,संदेश",Important,Easy,,
Hindi Lokbharati,1.2,“लक्ष्मी” की रचना-विधा क्या है?,1,रचना के साहित्यिक प्रकार पर ध्यान दें.,“लक्ष्मी” की रचना-विधा संवादात्मक कहानी है.,"लक्ष्मी,संवादात्मक कहानी",Important,Easy,,
Hindi Lokbharati,1.2,“लक्ष्मी” के रचनाकार कौन हैं?,1,पाठ के लेखक/कवि का नाम याद करें.,“लक्ष्मी” के रचनाकार गुरुबचन सिंह हैं.,"लक्ष्मी,गुरुबचन सिंह",Important,Easy,,
Hindi Lokbharati,1.2,“लक्ष्मी” में किस मानवीय मूल्य पर विशेष जोर मिलता है?,1,पाठ का मूल्य-आधारित संदेश सोचें.,इस पाठ में आत्मसम्मान के मानवीय मूल्य पर विशेष जोर मिलता है.,"लक्ष्मी,आत्मसम्मान,मानवीय मूल्य",Important,Easy,,
Hindi Lokbharati,1.2,“लक्ष्मी” का शीर्षक पाठ के आशय से कैसे जुड़ता है?,2,शीर्षक और मुख्य विचार का संबंध बताइए.,शीर्षक लक्ष्मी के माध्यम से पाठ के मुख्य आशय की ओर संकेत करता है और लक्ष्मी के प्रसंगों से मेहनत और आत्मनिर्भरता का महत्व को स्पष्ट करता है.,"लक्ष्मी,शीर्षक,आशय",Important,Easy,,
Hindi Lokbharati,1.2,“लक्ष्मी” से विद्यार्थियों को क्या सीख मिलती है?,2,व्यावहारिक जीवन से जोड़कर उत्तर दें.,विद्यार्थियों को आत्मसम्मान अपनाने और लक्ष्मी के प्रसंगों से मेहनत और आत्मनिर्भरता का महत्व को जीवन में उतारने की सीख मिलती है.,"लक्ष्मी,शिक्षा,आत्मसम्मान",Important,Easy,,
Hindi Lokbharati,1.2,“लक्ष्मी” में लेखक/कवि ने किस दृष्टिकोण को सामने रखा है?,2,लेखक की मूल दृष्टि पहचानें.,"रचनाकार ने परिश्रम, आत्मसम्मान और जीवन में सही दृष्टिकोण को केंद्र में रखकर संवेदनशील और विचारपूर्ण दृष्टिकोण प्रस्तुत किया है.","लक्ष्मी,दृष्टिकोण",Important,Easy,,
Hindi Lokbharati,1.2,“लक्ष्मी” का संबंध आज के जीवन से कैसे जोड़ा जा सकता है?,2,आजच्या समाजातील उदाहरणाचा विचार करा.,आज के जीवन में भी आत्मसम्मान आवश्यक है; इसलिए पाठ का संदेश व्यवहार में उपयोगी है.,"लक्ष्मी,वर्तमान जीवन,संदेश",Important,Easy,,
Hindi Lokbharati,1.2,“लक्ष्मी” के आधार पर एक वाक्य में पाठ का सार लिखिए।,2,मुख्य विचार को एक वाक्य में समेटें.,"यह रचना परिश्रम, आत्मसम्मान और जीवन में सही दृष्टिकोण के माध्यम से लक्ष्मी के प्रसंगों से मेहनत और आत्मनिर्भरता का महत्व का प्रभावी संदेश देती है.","लक्ष्मी,सारांश",Important,Easy,,
Hindi Lokbharati,1.2,“लक्ष्मी” में आत्मसम्मान का महत्व अपने शब्दों में स्पष्ट कीजिए।,2,मूल्य और पाठ का संबंध बताइए.,आत्मसम्मान से व्यक्ति का दृष्टिकोण मजबूत होता है और पाठ में यही मूल्य लक्ष्मी के प्रसंगों से मेहनत और आत्मनिर्भरता का महत्व के रूप में सामने आता है.,"लक्ष्मी,आत्मसम्मान,स्पष्टीकरण",Important,Medium,,
Hindi Lokbharati,1.2,“लक्ष्मी” के प्रमुख विचार को दो बिंदुओं में लिखिए।,2,मुख्य आशय के दो छोटे मुद्दे लिखें.,"१) परिश्रम, आत्मसम्मान और जीवन में सही दृष्टिकोण २) लक्ष्मी के प्रसंगों से मेहनत और आत्मनिर्भरता का महत्व","लक्ष्मी,मुख्य विचार",Important,Medium,,
Hindi Lokbharati,1.2,“लक्ष्मी” के आधार पर रचनाकार का उद्देश्य स्पष्ट कीजिए।,3,"रचना क्यों लिखी गई होगी, यह सोचें.","रचनाकार का उद्देश्य परिश्रम, आत्मसम्मान और जीवन में सही दृष्टिकोण को प्रभावी ढंग से सामने लाना और पाठक को आत्मसम्मान के प्रति जागरूक करना है.","लक्ष्मी,उद्देश्य,आत्मसम्मान",Important,Medium,,
Hindi Lokbharati,1.2,“लक्ष्मी” में व्यक्त विचारों की वर्तमान समाज में उपयोगिता स्पष्ट कीजिए।,3,पाठ का संदेश आजच्या परिस्थितीशी जोडा.,आज भी आत्मसम्मान की आवश्यकता है; इसलिए लक्ष्मी के प्रसंगों से मेहनत और आत्मनिर्भरता का महत्व से जुड़ा संदेश सामाजिक और व्यक्तिगत जीवन में उपयोगी है.,"लक्ष्मी,वर्तमान समाज,उपयोगिता",Important,Medium,,
Hindi Lokbharati,1.2,“लक्ष्मी” के आशय को समझाने के लिए उपयुक्त उदाहरण दीजिए।,3,पाठ के संदेश से मिलता-जुलता जीवन-उदाहरण सोचें.,उदाहरण के रूप में ऐसा प्रसंग लिया जा सकता है जिसमें व्यक्ति आत्मसम्मान को अपनाकर लक्ष्मी के प्रसंगों से मेहनत और आत्मनिर्भरता का महत्व को व्यवहार में सिद्ध करता है.,"लक्ष्मी,उदाहरण,आत्मसम्मान",Important,Medium,,
Hindi Lokbharati,1.2,“लक्ष्मी” की भाषा/शैली की एक विशेषता लिखकर उसका प्रभाव बताइए।,3,रचना-विधा के अनुसार शैली का विचार करें.,"रचना की संवादात्मक कहानी शैली विषय को सहज और प्रभावी बनाती है तथा परिश्रम, आत्मसम्मान और जीवन में सही दृष्टिकोण को पाठक तक स्पष्ट रूप से पहुँचाती है.","लक्ष्मी,भाषा,शैली",Important,Medium,,
Hindi Lokbharati,1.2,“लक्ष्मी” का चिकित्सक/शिक्षक/विद्यार्थी/समाजसेवकाच्या दृष्टिकोनातून संदेश स्पष्ट कीजिए।,4,भूमिका बदलूनही मुख्य मूल्य कायम ठेवा.,कोणत्याही सामाजिक भूमिकेतून पाहिले तरी आत्मसम्मान महत्त्वाचे आहे; रचना लक्ष्मी के प्रसंगों से मेहनत और आत्मनिर्भरता का महत्वद्वारे जबाबदार आणि संवेदनशील वर्तनाची प्रेरणा देते.,"लक्ष्मी,दृष्टिकोन,आत्मसम्मान",Important,Hard,,
Hindi Lokbharati,1.2,“लक्ष्मी” के मुख्य विचार और उसके सामाजिक प्रभाव में संबंध स्पष्ट कीजिए।,4,मुख्य विचार → व्यक्ति → समाज असा संबंध मांडावा.,"रचनेतील परिश्रम, आत्मसम्मान और जीवन में सही दृष्टिकोण व्यक्तीच्या विचारांना दिशा देते; आत्मसम्मान वाढल्यास सामाजिक वर्तन अधिक संवेदनशील होते आणि लक्ष्मी के प्रसंगों से मेहनत और आत्मनिर्भरता का महत्व साध्य होण्यास मदत होते.","लक्ष्मी,सामाजिक प्रभाव",Important,Hard,,
Hindi Lokbharati,1.2,“लक्ष्मी” के आधार पर “आज के विद्यार्थी के लिए क्या करना चाहिए?” विषय पर संक्षिप्त उत्तर लिखिए।,4,पाठातील मूल्याचे कृतीत रूपांतर करा.,विद्यार्थ्यांनी आत्मसम्मान स्वीकारून लक्ष्मी के प्रसंगों से मेहनत और आत्मनिर्भरता का महत्व प्रत्यक्ष कृतीत आणावे आणि पाठातून मिळणारा सकारात्मक संदेश दैनंदिन जीवनात वापरावा.,"लक्ष्मी,विद्यार्थी,कृती,आत्मसम्मान",Important,Hard,,
Hindi Lokbharati,1.2,"“लक्ष्मी” का 4 अंकों के लिए संक्षिप्त विश्लेषण कीजिए—विषय, संदेश, मूल्य और वर्तमान उपयोगिता।",4,चार मुद्दे क्रमाने लिहा.,"विषय: परिश्रम, आत्मसम्मान और जीवन में सही दृष्टिकोण; संदेश: लक्ष्मी के प्रसंगों से मेहनत और आत्मनिर्भरता का महत्व; मूल्य: आत्मसम्मान; वर्तमान उपयोगिता: आजच्या जीवनात या विचाराचा प्रत्यक्ष उपयोग होतो.","लक्ष्मी,विश्लेषण,आत्मसम्मान,वर्तमान उपयोगिता",Important,Hard,,
Hindi Lokbharati,1.3,“वाह रे! हमदर्द” पाठ का मुख्य विषय क्या है?,1,पाठाचा मुख्य विषय लक्षात ठेवा: दिखावटी सहानुभूति और मानवीय व्यवहार पर व्यंग्य.,या पाठाचा मुख्य विषय दिखावटी सहानुभूति और मानवीय व्यवहार पर व्यंग्य आहे.,"हमदर्दी,वास्तविक संवेदना",Important,Easy,,
Hindi Lokbharati,1.3,“वाह रे! हमदर्द” पाठ से मिलने वाला प्रमुख संदेश क्या है?,1,पाठातील मूल्य किंवा संदेश आठवा: वास्तविक संवेदना.,पाठाचा प्रमुख संदेश वास्तविक संवेदना या मूल्याला महत्त्व देणे हा आहे.,"हमदर्दी,वास्तविक संवेदना,संदेश",Important,Easy,,
Hindi Lokbharati,1.3,“वाह रे! हमदर्द” की रचना-विधा क्या है?,1,रचना के साहित्यिक प्रकार पर ध्यान दें.,“वाह रे! हमदर्द” की रचना-विधा हास्य-व्यंग्य निबंध है.,"हमदर्दी,हास्य-व्यंग्य निबंध",Important,Easy,,
Hindi Lokbharati,1.3,“वाह रे! हमदर्द” के रचनाकार कौन हैं?,1,पाठ के लेखक/कवि का नाम याद करें.,“वाह रे! हमदर्द” के रचनाकार घनश्याम अग्रवाल हैं.,"हमदर्दी,घनश्याम अग्रवाल",Important,Easy,,
Hindi Lokbharati,1.3,“वाह रे! हमदर्द” में किस मानवीय मूल्य पर विशेष जोर मिलता है?,1,पाठ का मूल्य-आधारित संदेश सोचें.,इस पाठ में वास्तविक संवेदना के मानवीय मूल्य पर विशेष जोर मिलता है.,"हमदर्दी,वास्तविक संवेदना,मानवीय मूल्य",Important,Easy,,
Hindi Lokbharati,1.3,“वाह रे! हमदर्द” का शीर्षक पाठ के आशय से कैसे जुड़ता है?,2,शीर्षक और मुख्य विचार का संबंध बताइए.,शीर्षक हमदर्दी के माध्यम से पाठ के मुख्य आशय की ओर संकेत करता है और हास्य के माध्यम से झूठी हमदर्दी की प्रवृत्ति पर प्रश्न को स्पष्ट करता है.,"हमदर्दी,शीर्षक,आशय",Important,Easy,,
Hindi Lokbharati,1.3,“वाह रे! हमदर्द” से विद्यार्थियों को क्या सीख मिलती है?,2,व्यावहारिक जीवन से जोड़कर उत्तर दें.,विद्यार्थियों को वास्तविक संवेदना अपनाने और हास्य के माध्यम से झूठी हमदर्दी की प्रवृत्ति पर प्रश्न को जीवन में उतारने की सीख मिलती है.,"हमदर्दी,शिक्षा,वास्तविक संवेदना",Important,Easy,,
Hindi Lokbharati,1.3,“वाह रे! हमदर्द” में लेखक/कवि ने किस दृष्टिकोण को सामने रखा है?,2,लेखक की मूल दृष्टि पहचानें.,रचनाकार ने दिखावटी सहानुभूति और मानवीय व्यवहार पर व्यंग्य को केंद्र में रखकर संवेदनशील और विचारपूर्ण दृष्टिकोण प्रस्तुत किया है.,"हमदर्दी,दृष्टिकोण",Important,Easy,,
Hindi Lokbharati,1.3,“वाह रे! हमदर्द” का संबंध आज के जीवन से कैसे जोड़ा जा सकता है?,2,आजच्या समाजातील उदाहरणाचा विचार करा.,आज के जीवन में भी वास्तविक संवेदना आवश्यक है; इसलिए पाठ का संदेश व्यवहार में उपयोगी है.,"हमदर्दी,वर्तमान जीवन,संदेश",Important,Easy,,
Hindi Lokbharati,1.3,“वाह रे! हमदर्द” के आधार पर एक वाक्य में पाठ का सार लिखिए।,2,मुख्य विचार को एक वाक्य में समेटें.,यह रचना दिखावटी सहानुभूति और मानवीय व्यवहार पर व्यंग्य के माध्यम से हास्य के माध्यम से झूठी हमदर्दी की प्रवृत्ति पर प्रश्न का प्रभावी संदेश देती है.,"हमदर्दी,सारांश",Important,Easy,,
Hindi Lokbharati,1.3,“वाह रे! हमदर्द” में वास्तविक संवेदना का महत्व अपने शब्दों में स्पष्ट कीजिए।,2,मूल्य और पाठ का संबंध बताइए.,वास्तविक संवेदना से व्यक्ति का दृष्टिकोण मजबूत होता है और पाठ में यही मूल्य हास्य के माध्यम से झूठी हमदर्दी की प्रवृत्ति पर प्रश्न के रूप में सामने आता है.,"हमदर्दी,वास्तविक संवेदना,स्पष्टीकरण",Important,Medium,,
Hindi Lokbharati,1.3,“वाह रे! हमदर्द” के प्रमुख विचार को दो बिंदुओं में लिखिए।,2,मुख्य आशय के दो छोटे मुद्दे लिखें.,१) दिखावटी सहानुभूति और मानवीय व्यवहार पर व्यंग्य २) हास्य के माध्यम से झूठी हमदर्दी की प्रवृत्ति पर प्रश्न,"हमदर्दी,मुख्य विचार",Important,Medium,,
Hindi Lokbharati,1.3,“वाह रे! हमदर्द” के आधार पर रचनाकार का उद्देश्य स्पष्ट कीजिए।,3,"रचना क्यों लिखी गई होगी, यह सोचें.",रचनाकार का उद्देश्य दिखावटी सहानुभूति और मानवीय व्यवहार पर व्यंग्य को प्रभावी ढंग से सामने लाना और पाठक को वास्तविक संवेदना के प्रति जागरूक करना है.,"हमदर्दी,उद्देश्य,वास्तविक संवेदना",Important,Medium,,
Hindi Lokbharati,1.3,“वाह रे! हमदर्द” में व्यक्त विचारों की वर्तमान समाज में उपयोगिता स्पष्ट कीजिए।,3,पाठ का संदेश आजच्या परिस्थितीशी जोडा.,आज भी वास्तविक संवेदना की आवश्यकता है; इसलिए हास्य के माध्यम से झूठी हमदर्दी की प्रवृत्ति पर प्रश्न से जुड़ा संदेश सामाजिक और व्यक्तिगत जीवन में उपयोगी है.,"हमदर्दी,वर्तमान समाज,उपयोगिता",Important,Medium,,
Hindi Lokbharati,1.3,“वाह रे! हमदर्द” के आशय को समझाने के लिए उपयुक्त उदाहरण दीजिए।,3,पाठ के संदेश से मिलता-जुलता जीवन-उदाहरण सोचें.,उदाहरण के रूप में ऐसा प्रसंग लिया जा सकता है जिसमें व्यक्ति वास्तविक संवेदना को अपनाकर हास्य के माध्यम से झूठी हमदर्दी की प्रवृत्ति पर प्रश्न को व्यवहार में सिद्ध करता है.,"हमदर्दी,उदाहरण,वास्तविक संवेदना",Important,Medium,,
Hindi Lokbharati,1.3,“वाह रे! हमदर्द” की भाषा/शैली की एक विशेषता लिखकर उसका प्रभाव बताइए।,3,रचना-विधा के अनुसार शैली का विचार करें.,रचना की हास्य-व्यंग्य निबंध शैली विषय को सहज और प्रभावी बनाती है तथा दिखावटी सहानुभूति और मानवीय व्यवहार पर व्यंग्य को पाठक तक स्पष्ट रूप से पहुँचाती है.,"हमदर्दी,भाषा,शैली",Important,Medium,,
Hindi Lokbharati,1.3,“वाह रे! हमदर्द” का चिकित्सक/शिक्षक/विद्यार्थी/समाजसेवकाच्या दृष्टिकोनातून संदेश स्पष्ट कीजिए।,4,भूमिका बदलूनही मुख्य मूल्य कायम ठेवा.,कोणत्याही सामाजिक भूमिकेतून पाहिले तरी वास्तविक संवेदना महत्त्वाचे आहे; रचना हास्य के माध्यम से झूठी हमदर्दी की प्रवृत्ति पर प्रश्नद्वारे जबाबदार आणि संवेदनशील वर्तनाची प्रेरणा देते.,"हमदर्दी,दृष्टिकोन,वास्तविक संवेदना",Important,Hard,,
Hindi Lokbharati,1.3,“वाह रे! हमदर्द” के मुख्य विचार और उसके सामाजिक प्रभाव में संबंध स्पष्ट कीजिए।,4,मुख्य विचार → व्यक्ति → समाज असा संबंध मांडावा.,रचनेतील दिखावटी सहानुभूति और मानवीय व्यवहार पर व्यंग्य व्यक्तीच्या विचारांना दिशा देते; वास्तविक संवेदना वाढल्यास सामाजिक वर्तन अधिक संवेदनशील होते आणि हास्य के माध्यम से झूठी हमदर्दी की प्रवृत्ति पर प्रश्न साध्य होण्यास मदत होते.,"हमदर्दी,सामाजिक प्रभाव",Important,Hard,,
Hindi Lokbharati,1.3,“वाह रे! हमदर्द” के आधार पर “आज के विद्यार्थी के लिए क्या करना चाहिए?” विषय पर संक्षिप्त उत्तर लिखिए।,4,पाठातील मूल्याचे कृतीत रूपांतर करा.,विद्यार्थ्यांनी वास्तविक संवेदना स्वीकारून हास्य के माध्यम से झूठी हमदर्दी की प्रवृत्ति पर प्रश्न प्रत्यक्ष कृतीत आणावे आणि पाठातून मिळणारा सकारात्मक संदेश दैनंदिन जीवनात वापरावा.,"हमदर्दी,विद्यार्थी,कृती,वास्तविक संवेदना",Important,Hard,,
Hindi Lokbharati,1.3,"“वाह रे! हमदर्द” का 4 अंकों के लिए संक्षिप्त विश्लेषण कीजिए—विषय, संदेश, मूल्य और वर्तमान उपयोगिता।",4,चार मुद्दे क्रमाने लिहा.,विषय: दिखावटी सहानुभूति और मानवीय व्यवहार पर व्यंग्य; संदेश: हास्य के माध्यम से झूठी हमदर्दी की प्रवृत्ति पर प्रश्न; मूल्य: वास्तविक संवेदना; वर्तमान उपयोगिता: आजच्या जीवनात या विचाराचा प्रत्यक्ष उपयोग होतो.,"हमदर्दी,विश्लेषण,वास्तविक संवेदना,वर्तमान उपयोगिता",Important,Hard,,
Hindi Lokbharati,1.4,“मन (पूरक पठन)” पाठ का मुख्य विषय क्या है?,1,पाठाचा मुख्य विषय लक्षात ठेवा: मन की सूक्ष्म अनुभूतियों और प्रकृति से संबंध.,या पाठाचा मुख्य विषय मन की सूक्ष्म अनुभूतियों और प्रकृति से संबंध आहे.,"मन,संवेदनशीलता",Important,Easy,,
Hindi Lokbharati,1.4,“मन (पूरक पठन)” पाठ से मिलने वाला प्रमुख संदेश क्या है?,1,पाठातील मूल्य किंवा संदेश आठवा: संवेदनशीलता.,पाठाचा प्रमुख संदेश संवेदनशीलता या मूल्याला महत्त्व देणे हा आहे.,"मन,संवेदनशीलता,संदेश",Important,Easy,,
Hindi Lokbharati,1.4,“मन (पूरक पठन)” की रचना-विधा क्या है?,1,रचना के साहित्यिक प्रकार पर ध्यान दें.,“मन (पूरक पठन)” की रचना-विधा हाइकु है.,"मन,हाइकु",Important,Easy,,
Hindi Lokbharati,1.4,“मन (पूरक पठन)” के रचनाकार कौन हैं?,1,पाठ के लेखक/कवि का नाम याद करें.,“मन (पूरक पठन)” के रचनाकार विकास परिहार हैं.,"मन,विकास परिहार",Important,Easy,,
Hindi Lokbharati,1.4,“मन (पूरक पठन)” में किस मानवीय मूल्य पर विशेष जोर मिलता है?,1,पाठ का मूल्य-आधारित संदेश सोचें.,इस पाठ में संवेदनशीलता के मानवीय मूल्य पर विशेष जोर मिलता है.,"मन,संवेदनशीलता,मानवीय मूल्य",Important,Easy,,
Hindi Lokbharati,1.4,“मन (पूरक पठन)” का शीर्षक पाठ के आशय से कैसे जुड़ता है?,2,शीर्षक और मुख्य विचार का संबंध बताइए.,शीर्षक मन के माध्यम से पाठ के मुख्य आशय की ओर संकेत करता है और कम शब्दों में गहरी अनुभूति व्यक्त करना को स्पष्ट करता है.,"मन,शीर्षक,आशय",Important,Easy,,
Hindi Lokbharati,1.4,“मन (पूरक पठन)” से विद्यार्थियों को क्या सीख मिलती है?,2,व्यावहारिक जीवन से जोड़कर उत्तर दें.,विद्यार्थियों को संवेदनशीलता अपनाने और कम शब्दों में गहरी अनुभूति व्यक्त करना को जीवन में उतारने की सीख मिलती है.,"मन,शिक्षा,संवेदनशीलता",Important,Easy,,
Hindi Lokbharati,1.4,“मन (पूरक पठन)” में लेखक/कवि ने किस दृष्टिकोण को सामने रखा है?,2,लेखक की मूल दृष्टि पहचानें.,रचनाकार ने मन की सूक्ष्म अनुभूतियों और प्रकृति से संबंध को केंद्र में रखकर संवेदनशील और विचारपूर्ण दृष्टिकोण प्रस्तुत किया है.,"मन,दृष्टिकोण",Important,Easy,,
Hindi Lokbharati,1.4,“मन (पूरक पठन)” का संबंध आज के जीवन से कैसे जोड़ा जा सकता है?,2,आजच्या समाजातील उदाहरणाचा विचार करा.,आज के जीवन में भी संवेदनशीलता आवश्यक है; इसलिए पाठ का संदेश व्यवहार में उपयोगी है.,"मन,वर्तमान जीवन,संदेश",Important,Easy,,
Hindi Lokbharati,1.4,“मन (पूरक पठन)” के आधार पर एक वाक्य में पाठ का सार लिखिए।,2,मुख्य विचार को एक वाक्य में समेटें.,यह रचना मन की सूक्ष्म अनुभूतियों और प्रकृति से संबंध के माध्यम से कम शब्दों में गहरी अनुभूति व्यक्त करना का प्रभावी संदेश देती है.,"मन,सारांश",Important,Easy,,
Hindi Lokbharati,1.4,“मन (पूरक पठन)” में संवेदनशीलता का महत्व अपने शब्दों में स्पष्ट कीजिए।,2,मूल्य और पाठ का संबंध बताइए.,संवेदनशीलता से व्यक्ति का दृष्टिकोण मजबूत होता है और पाठ में यही मूल्य कम शब्दों में गहरी अनुभूति व्यक्त करना के रूप में सामने आता है.,"मन,संवेदनशीलता,स्पष्टीकरण",Important,Medium,,
Hindi Lokbharati,1.4,“मन (पूरक पठन)” के प्रमुख विचार को दो बिंदुओं में लिखिए।,2,मुख्य आशय के दो छोटे मुद्दे लिखें.,१) मन की सूक्ष्म अनुभूतियों और प्रकृति से संबंध २) कम शब्दों में गहरी अनुभूति व्यक्त करना,"मन,मुख्य विचार",Important,Medium,,
Hindi Lokbharati,1.4,“मन (पूरक पठन)” के आधार पर रचनाकार का उद्देश्य स्पष्ट कीजिए।,3,"रचना क्यों लिखी गई होगी, यह सोचें.",रचनाकार का उद्देश्य मन की सूक्ष्म अनुभूतियों और प्रकृति से संबंध को प्रभावी ढंग से सामने लाना और पाठक को संवेदनशीलता के प्रति जागरूक करना है.,"मन,उद्देश्य,संवेदनशीलता",Important,Medium,,
Hindi Lokbharati,1.4,“मन (पूरक पठन)” में व्यक्त विचारों की वर्तमान समाज में उपयोगिता स्पष्ट कीजिए।,3,पाठ का संदेश आजच्या परिस्थितीशी जोडा.,आज भी संवेदनशीलता की आवश्यकता है; इसलिए कम शब्दों में गहरी अनुभूति व्यक्त करना से जुड़ा संदेश सामाजिक और व्यक्तिगत जीवन में उपयोगी है.,"मन,वर्तमान समाज,उपयोगिता",Important,Medium,,
Hindi Lokbharati,1.4,“मन (पूरक पठन)” के आशय को समझाने के लिए उपयुक्त उदाहरण दीजिए।,3,पाठ के संदेश से मिलता-जुलता जीवन-उदाहरण सोचें.,उदाहरण के रूप में ऐसा प्रसंग लिया जा सकता है जिसमें व्यक्ति संवेदनशीलता को अपनाकर कम शब्दों में गहरी अनुभूति व्यक्त करना को व्यवहार में सिद्ध करता है.,"मन,उदाहरण,संवेदनशीलता",Important,Medium,,
Hindi Lokbharati,1.4,“मन (पूरक पठन)” की भाषा/शैली की एक विशेषता लिखकर उसका प्रभाव बताइए।,3,रचना-विधा के अनुसार शैली का विचार करें.,रचना की हाइकु शैली विषय को सहज और प्रभावी बनाती है तथा मन की सूक्ष्म अनुभूतियों और प्रकृति से संबंध को पाठक तक स्पष्ट रूप से पहुँचाती है.,"मन,भाषा,शैली",Important,Medium,,
Hindi Lokbharati,1.4,“मन (पूरक पठन)” का चिकित्सक/शिक्षक/विद्यार्थी/समाजसेवकाच्या दृष्टिकोनातून संदेश स्पष्ट कीजिए।,4,भूमिका बदलूनही मुख्य मूल्य कायम ठेवा.,कोणत्याही सामाजिक भूमिकेतून पाहिले तरी संवेदनशीलता महत्त्वाचे आहे; रचना कम शब्दों में गहरी अनुभूति व्यक्त करनाद्वारे जबाबदार आणि संवेदनशील वर्तनाची प्रेरणा देते.,"मन,दृष्टिकोन,संवेदनशीलता",Important,Hard,,
Hindi Lokbharati,1.4,“मन (पूरक पठन)” के मुख्य विचार और उसके सामाजिक प्रभाव में संबंध स्पष्ट कीजिए।,4,मुख्य विचार → व्यक्ति → समाज असा संबंध मांडावा.,रचनेतील मन की सूक्ष्म अनुभूतियों और प्रकृति से संबंध व्यक्तीच्या विचारांना दिशा देते; संवेदनशीलता वाढल्यास सामाजिक वर्तन अधिक संवेदनशील होते आणि कम शब्दों में गहरी अनुभूति व्यक्त करना साध्य होण्यास मदत होते.,"मन,सामाजिक प्रभाव",Important,Hard,,
Hindi Lokbharati,1.4,“मन (पूरक पठन)” के आधार पर “आज के विद्यार्थी के लिए क्या करना चाहिए?” विषय पर संक्षिप्त उत्तर लिखिए।,4,पाठातील मूल्याचे कृतीत रूपांतर करा.,विद्यार्थ्यांनी संवेदनशीलता स्वीकारून कम शब्दों में गहरी अनुभूति व्यक्त करना प्रत्यक्ष कृतीत आणावे आणि पाठातून मिळणारा सकारात्मक संदेश दैनंदिन जीवनात वापरावा.,"मन,विद्यार्थी,कृती,संवेदनशीलता",Important,Hard,,
Hindi Lokbharati,1.4,"“मन (पूरक पठन)” का 4 अंकों के लिए संक्षिप्त विश्लेषण कीजिए—विषय, संदेश, मूल्य और वर्तमान उपयोगिता।",4,चार मुद्दे क्रमाने लिहा.,विषय: मन की सूक्ष्म अनुभूतियों और प्रकृति से संबंध; संदेश: कम शब्दों में गहरी अनुभूति व्यक्त करना; मूल्य: संवेदनशीलता; वर्तमान उपयोगिता: आजच्या जीवनात या विचाराचा प्रत्यक्ष उपयोग होतो.,"मन,विश्लेषण,संवेदनशीलता,वर्तमान उपयोगिता",Important,Hard,,
Hindi Lokbharati,1.5,“गोवा : जैसा मैंने देखा” पाठ का मुख्य विषय क्या है?,1,"पाठाचा मुख्य विषय लक्षात ठेवा: गोवा की प्राकृतिक सुंदरता, संस्कृति और स्थानीय जीवन.","या पाठाचा मुख्य विषय गोवा की प्राकृतिक सुंदरता, संस्कृति और स्थानीय जीवन आहे.","गोवा,प्रकृति-संरक्षण",Important,Easy,,
Hindi Lokbharati,1.5,“गोवा : जैसा मैंने देखा” पाठ से मिलने वाला प्रमुख संदेश क्या है?,1,पाठातील मूल्य किंवा संदेश आठवा: प्रकृति-संरक्षण.,पाठाचा प्रमुख संदेश प्रकृति-संरक्षण या मूल्याला महत्त्व देणे हा आहे.,"गोवा,प्रकृति-संरक्षण,संदेश",Important,Easy,,
Hindi Lokbharati,1.5,“गोवा : जैसा मैंने देखा” की रचना-विधा क्या है?,1,रचना के साहित्यिक प्रकार पर ध्यान दें.,“गोवा : जैसा मैंने देखा” की रचना-विधा यात्रा-वर्णन है.,"गोवा,यात्रा-वर्णन",Important,Easy,,
Hindi Lokbharati,1.5,“गोवा : जैसा मैंने देखा” के रचनाकार कौन हैं?,1,पाठ के लेखक/कवि का नाम याद करें.,“गोवा : जैसा मैंने देखा” के रचनाकार विनय शर्मा हैं.,"गोवा,विनय शर्मा",Important,Easy,,
Hindi Lokbharati,1.5,“गोवा : जैसा मैंने देखा” में किस मानवीय मूल्य पर विशेष जोर मिलता है?,1,पाठ का मूल्य-आधारित संदेश सोचें.,इस पाठ में प्रकृति-संरक्षण के मानवीय मूल्य पर विशेष जोर मिलता है.,"गोवा,प्रकृति-संरक्षण,मानवीय मूल्य",Important,Easy,,
Hindi Lokbharati,1.5,“गोवा : जैसा मैंने देखा” का शीर्षक पाठ के आशय से कैसे जुड़ता है?,2,शीर्षक और मुख्य विचार का संबंध बताइए.,शीर्षक गोवा के माध्यम से पाठ के मुख्य आशय की ओर संकेत करता है और यात्रा के अनुभवों से प्रकृति और सांस्कृतिक विरासत को समझना को स्पष्ट करता है.,"गोवा,शीर्षक,आशय",Important,Easy,,
Hindi Lokbharati,1.5,“गोवा : जैसा मैंने देखा” से विद्यार्थियों को क्या सीख मिलती है?,2,व्यावहारिक जीवन से जोड़कर उत्तर दें.,विद्यार्थियों को प्रकृति-संरक्षण अपनाने और यात्रा के अनुभवों से प्रकृति और सांस्कृतिक विरासत को समझना को जीवन में उतारने की सीख मिलती है.,"गोवा,शिक्षा,प्रकृति-संरक्षण",Important,Easy,,
Hindi Lokbharati,1.5,“गोवा : जैसा मैंने देखा” में लेखक/कवि ने किस दृष्टिकोण को सामने रखा है?,2,लेखक की मूल दृष्टि पहचानें.,"रचनाकार ने गोवा की प्राकृतिक सुंदरता, संस्कृति और स्थानीय जीवन को केंद्र में रखकर संवेदनशील और विचारपूर्ण दृष्टिकोण प्रस्तुत किया है.","गोवा,दृष्टिकोण",Important,Easy,,
Hindi Lokbharati,1.5,“गोवा : जैसा मैंने देखा” का संबंध आज के जीवन से कैसे जोड़ा जा सकता है?,2,आजच्या समाजातील उदाहरणाचा विचार करा.,आज के जीवन में भी प्रकृति-संरक्षण आवश्यक है; इसलिए पाठ का संदेश व्यवहार में उपयोगी है.,"गोवा,वर्तमान जीवन,संदेश",Important,Easy,,
Hindi Lokbharati,1.5,“गोवा : जैसा मैंने देखा” के आधार पर एक वाक्य में पाठ का सार लिखिए।,2,मुख्य विचार को एक वाक्य में समेटें.,"यह रचना गोवा की प्राकृतिक सुंदरता, संस्कृति और स्थानीय जीवन के माध्यम से यात्रा के अनुभवों से प्रकृति और सांस्कृतिक विरासत को समझना का प्रभावी संदेश देती है.","गोवा,सारांश",Important,Easy,,
Hindi Lokbharati,1.5,“गोवा : जैसा मैंने देखा” में प्रकृति-संरक्षण का महत्व अपने शब्दों में स्पष्ट कीजिए।,2,मूल्य और पाठ का संबंध बताइए.,प्रकृति-संरक्षण से व्यक्ति का दृष्टिकोण मजबूत होता है और पाठ में यही मूल्य यात्रा के अनुभवों से प्रकृति और सांस्कृतिक विरासत को समझना के रूप में सामने आता है.,"गोवा,प्रकृति-संरक्षण,स्पष्टीकरण",Important,Medium,,
Hindi Lokbharati,1.5,“गोवा : जैसा मैंने देखा” के प्रमुख विचार को दो बिंदुओं में लिखिए।,2,मुख्य आशय के दो छोटे मुद्दे लिखें.,"१) गोवा की प्राकृतिक सुंदरता, संस्कृति और स्थानीय जीवन २) यात्रा के अनुभवों से प्रकृति और सांस्कृतिक विरासत को समझना","गोवा,मुख्य विचार",Important,Medium,,
Hindi Lokbharati,1.5,“गोवा : जैसा मैंने देखा” के आधार पर रचनाकार का उद्देश्य स्पष्ट कीजिए।,3,"रचना क्यों लिखी गई होगी, यह सोचें.","रचनाकार का उद्देश्य गोवा की प्राकृतिक सुंदरता, संस्कृति और स्थानीय जीवन को प्रभावी ढंग से सामने लाना और पाठक को प्रकृति-संरक्षण के प्रति जागरूक करना है.","गोवा,उद्देश्य,प्रकृति-संरक्षण",Important,Medium,,
Hindi Lokbharati,1.5,“गोवा : जैसा मैंने देखा” में व्यक्त विचारों की वर्तमान समाज में उपयोगिता स्पष्ट कीजिए।,3,पाठ का संदेश आजच्या परिस्थितीशी जोडा.,आज भी प्रकृति-संरक्षण की आवश्यकता है; इसलिए यात्रा के अनुभवों से प्रकृति और सांस्कृतिक विरासत को समझना से जुड़ा संदेश सामाजिक और व्यक्तिगत जीवन में उपयोगी है.,"गोवा,वर्तमान समाज,उपयोगिता",Important,Medium,,
Hindi Lokbharati,1.5,“गोवा : जैसा मैंने देखा” के आशय को समझाने के लिए उपयुक्त उदाहरण दीजिए।,3,पाठ के संदेश से मिलता-जुलता जीवन-उदाहरण सोचें.,उदाहरण के रूप में ऐसा प्रसंग लिया जा सकता है जिसमें व्यक्ति प्रकृति-संरक्षण को अपनाकर यात्रा के अनुभवों से प्रकृति और सांस्कृतिक विरासत को समझना को व्यवहार में सिद्ध करता है.,"गोवा,उदाहरण,प्रकृति-संरक्षण",Important,Medium,,
Hindi Lokbharati,1.5,“गोवा : जैसा मैंने देखा” की भाषा/शैली की एक विशेषता लिखकर उसका प्रभाव बताइए।,3,रचना-विधा के अनुसार शैली का विचार करें.,"रचना की यात्रा-वर्णन शैली विषय को सहज और प्रभावी बनाती है तथा गोवा की प्राकृतिक सुंदरता, संस्कृति और स्थानीय जीवन को पाठक तक स्पष्ट रूप से पहुँचाती है.","गोवा,भाषा,शैली",Important,Medium,,
Hindi Lokbharati,1.5,“गोवा : जैसा मैंने देखा” का चिकित्सक/शिक्षक/विद्यार्थी/समाजसेवकाच्या दृष्टिकोनातून संदेश स्पष्ट कीजिए।,4,भूमिका बदलूनही मुख्य मूल्य कायम ठेवा.,कोणत्याही सामाजिक भूमिकेतून पाहिले तरी प्रकृति-संरक्षण महत्त्वाचे आहे; रचना यात्रा के अनुभवों से प्रकृति और सांस्कृतिक विरासत को समझनाद्वारे जबाबदार आणि संवेदनशील वर्तनाची प्रेरणा देते.,"गोवा,दृष्टिकोन,प्रकृति-संरक्षण",Important,Hard,,
Hindi Lokbharati,1.5,“गोवा : जैसा मैंने देखा” के मुख्य विचार और उसके सामाजिक प्रभाव में संबंध स्पष्ट कीजिए।,4,मुख्य विचार → व्यक्ति → समाज असा संबंध मांडावा.,"रचनेतील गोवा की प्राकृतिक सुंदरता, संस्कृति और स्थानीय जीवन व्यक्तीच्या विचारांना दिशा देते; प्रकृति-संरक्षण वाढल्यास सामाजिक वर्तन अधिक संवेदनशील होते आणि यात्रा के अनुभवों से प्रकृति और सांस्कृतिक विरासत को समझना साध्य होण्यास मदत होते.","गोवा,सामाजिक प्रभाव",Important,Hard,,
Hindi Lokbharati,1.5,“गोवा : जैसा मैंने देखा” के आधार पर “आज के विद्यार्थी के लिए क्या करना चाहिए?” विषय पर संक्षिप्त उत्तर लिखिए।,4,पाठातील मूल्याचे कृतीत रूपांतर करा.,विद्यार्थ्यांनी प्रकृति-संरक्षण स्वीकारून यात्रा के अनुभवों से प्रकृति और सांस्कृतिक विरासत को समझना प्रत्यक्ष कृतीत आणावे आणि पाठातून मिळणारा सकारात्मक संदेश दैनंदिन जीवनात वापरावा.,"गोवा,विद्यार्थी,कृती,प्रकृति-संरक्षण",Important,Hard,,
Hindi Lokbharati,1.5,"“गोवा : जैसा मैंने देखा” का 4 अंकों के लिए संक्षिप्त विश्लेषण कीजिए—विषय, संदेश, मूल्य और वर्तमान उपयोगिता।",4,चार मुद्दे क्रमाने लिहा.,"विषय: गोवा की प्राकृतिक सुंदरता, संस्कृति और स्थानीय जीवन; संदेश: यात्रा के अनुभवों से प्रकृति और सांस्कृतिक विरासत को समझना; मूल्य: प्रकृति-संरक्षण; वर्तमान उपयोगिता: आजच्या जीवनात या विचाराचा प्रत्यक्ष उपयोग होतो.","गोवा,विश्लेषण,प्रकृति-संरक्षण,वर्तमान उपयोगिता",Important,Hard,,
Hindi Lokbharati,1.6,“गिरिधर नागर” पाठ का मुख्य विषय क्या है?,1,"पाठाचा मुख्य विषय लक्षात ठेवा: भक्ति, समर्पण और ईश्वर के प्रति अटूट प्रेम.","या पाठाचा मुख्य विषय भक्ति, समर्पण और ईश्वर के प्रति अटूट प्रेम आहे.","गिरिधर गोपाल,भक्ति और निष्ठा",Important,Easy,,
Hindi Lokbharati,1.6,“गिरिधर नागर” पाठ से मिलने वाला प्रमुख संदेश क्या है?,1,पाठातील मूल्य किंवा संदेश आठवा: भक्ति और निष्ठा.,पाठाचा प्रमुख संदेश भक्ति और निष्ठा या मूल्याला महत्त्व देणे हा आहे.,"गिरिधर गोपाल,भक्ति और निष्ठा,संदेश",Important,Easy,,
Hindi Lokbharati,1.6,“गिरिधर नागर” की रचना-विधा क्या है?,1,रचना के साहित्यिक प्रकार पर ध्यान दें.,“गिरिधर नागर” की रचना-विधा पद है.,"गिरिधर गोपाल,पद",Important,Easy,,
Hindi Lokbharati,1.6,“गिरिधर नागर” के रचनाकार कौन हैं?,1,पाठ के लेखक/कवि का नाम याद करें.,“गिरिधर नागर” के रचनाकार संत मीराबाई हैं.,"गिरिधर गोपाल,संत मीराबाई",Important,Easy,,
Hindi Lokbharati,1.6,“गिरिधर नागर” में किस मानवीय मूल्य पर विशेष जोर मिलता है?,1,पाठ का मूल्य-आधारित संदेश सोचें.,इस पाठ में भक्ति और निष्ठा के मानवीय मूल्य पर विशेष जोर मिलता है.,"गिरिधर गोपाल,भक्ति और निष्ठा,मानवीय मूल्य",Important,Easy,,
Hindi Lokbharati,1.6,“गिरिधर नागर” का शीर्षक पाठ के आशय से कैसे जुड़ता है?,2,शीर्षक और मुख्य विचार का संबंध बताइए.,शीर्षक गिरिधर गोपाल के माध्यम से पाठ के मुख्य आशय की ओर संकेत करता है और मीरा की कृष्णभक्ति और सामाजिक बंधनों से ऊपर उठने की भावना को स्पष्ट करता है.,"गिरिधर गोपाल,शीर्षक,आशय",Important,Easy,,
Hindi Lokbharati,1.6,“गिरिधर नागर” से विद्यार्थियों को क्या सीख मिलती है?,2,व्यावहारिक जीवन से जोड़कर उत्तर दें.,विद्यार्थियों को भक्ति और निष्ठा अपनाने और मीरा की कृष्णभक्ति और सामाजिक बंधनों से ऊपर उठने की भावना को जीवन में उतारने की सीख मिलती है.,"गिरिधर गोपाल,शिक्षा,भक्ति और निष्ठा",Important,Easy,,
Hindi Lokbharati,1.6,“गिरिधर नागर” में लेखक/कवि ने किस दृष्टिकोण को सामने रखा है?,2,लेखक की मूल दृष्टि पहचानें.,"रचनाकार ने भक्ति, समर्पण और ईश्वर के प्रति अटूट प्रेम को केंद्र में रखकर संवेदनशील और विचारपूर्ण दृष्टिकोण प्रस्तुत किया है.","गिरिधर गोपाल,दृष्टिकोण",Important,Easy,,
Hindi Lokbharati,1.6,“गिरिधर नागर” का संबंध आज के जीवन से कैसे जोड़ा जा सकता है?,2,आजच्या समाजातील उदाहरणाचा विचार करा.,आज के जीवन में भी भक्ति और निष्ठा आवश्यक है; इसलिए पाठ का संदेश व्यवहार में उपयोगी है.,"गिरिधर गोपाल,वर्तमान जीवन,संदेश",Important,Easy,,
Hindi Lokbharati,1.6,“गिरिधर नागर” के आधार पर एक वाक्य में पाठ का सार लिखिए।,2,मुख्य विचार को एक वाक्य में समेटें.,"यह रचना भक्ति, समर्पण और ईश्वर के प्रति अटूट प्रेम के माध्यम से मीरा की कृष्णभक्ति और सामाजिक बंधनों से ऊपर उठने की भावना का प्रभावी संदेश देती है.","गिरिधर गोपाल,सारांश",Important,Easy,,
Hindi Lokbharati,1.6,“गिरिधर नागर” में भक्ति और निष्ठा का महत्व अपने शब्दों में स्पष्ट कीजिए।,2,मूल्य और पाठ का संबंध बताइए.,भक्ति और निष्ठा से व्यक्ति का दृष्टिकोण मजबूत होता है और पाठ में यही मूल्य मीरा की कृष्णभक्ति और सामाजिक बंधनों से ऊपर उठने की भावना के रूप में सामने आता है.,"गिरिधर गोपाल,भक्ति और निष्ठा,स्पष्टीकरण",Important,Medium,,
Hindi Lokbharati,1.6,“गिरिधर नागर” के प्रमुख विचार को दो बिंदुओं में लिखिए।,2,मुख्य आशय के दो छोटे मुद्दे लिखें.,"१) भक्ति, समर्पण और ईश्वर के प्रति अटूट प्रेम २) मीरा की कृष्णभक्ति और सामाजिक बंधनों से ऊपर उठने की भावना","गिरिधर गोपाल,मुख्य विचार",Important,Medium,,
Hindi Lokbharati,1.6,“गिरिधर नागर” के आधार पर रचनाकार का उद्देश्य स्पष्ट कीजिए।,3,"रचना क्यों लिखी गई होगी, यह सोचें.","रचनाकार का उद्देश्य भक्ति, समर्पण और ईश्वर के प्रति अटूट प्रेम को प्रभावी ढंग से सामने लाना और पाठक को भक्ति और निष्ठा के प्रति जागरूक करना है.","गिरिधर गोपाल,उद्देश्य,भक्ति और निष्ठा",Important,Medium,,
Hindi Lokbharati,1.6,“गिरिधर नागर” में व्यक्त विचारों की वर्तमान समाज में उपयोगिता स्पष्ट कीजिए।,3,पाठ का संदेश आजच्या परिस्थितीशी जोडा.,आज भी भक्ति और निष्ठा की आवश्यकता है; इसलिए मीरा की कृष्णभक्ति और सामाजिक बंधनों से ऊपर उठने की भावना से जुड़ा संदेश सामाजिक और व्यक्तिगत जीवन में उपयोगी है.,"गिरिधर गोपाल,वर्तमान समाज,उपयोगिता",Important,Medium,,
Hindi Lokbharati,1.6,“गिरिधर नागर” के आशय को समझाने के लिए उपयुक्त उदाहरण दीजिए।,3,पाठ के संदेश से मिलता-जुलता जीवन-उदाहरण सोचें.,उदाहरण के रूप में ऐसा प्रसंग लिया जा सकता है जिसमें व्यक्ति भक्ति और निष्ठा को अपनाकर मीरा की कृष्णभक्ति और सामाजिक बंधनों से ऊपर उठने की भावना को व्यवहार में सिद्ध करता है.,"गिरिधर गोपाल,उदाहरण,भक्ति और निष्ठा",Important,Medium,,
Hindi Lokbharati,1.6,“गिरिधर नागर” की भाषा/शैली की एक विशेषता लिखकर उसका प्रभाव बताइए।,3,रचना-विधा के अनुसार शैली का विचार करें.,"रचना की पद शैली विषय को सहज और प्रभावी बनाती है तथा भक्ति, समर्पण और ईश्वर के प्रति अटूट प्रेम को पाठक तक स्पष्ट रूप से पहुँचाती है.","गिरिधर गोपाल,भाषा,शैली",Important,Medium,,
Hindi Lokbharati,1.6,“गिरिधर नागर” का चिकित्सक/शिक्षक/विद्यार्थी/समाजसेवकाच्या दृष्टिकोनातून संदेश स्पष्ट कीजिए।,4,भूमिका बदलूनही मुख्य मूल्य कायम ठेवा.,कोणत्याही सामाजिक भूमिकेतून पाहिले तरी भक्ति और निष्ठा महत्त्वाचे आहे; रचना मीरा की कृष्णभक्ति और सामाजिक बंधनों से ऊपर उठने की भावनाद्वारे जबाबदार आणि संवेदनशील वर्तनाची प्रेरणा देते.,"गिरिधर गोपाल,दृष्टिकोन,भक्ति और निष्ठा",Important,Hard,,
Hindi Lokbharati,1.6,“गिरिधर नागर” के मुख्य विचार और उसके सामाजिक प्रभाव में संबंध स्पष्ट कीजिए।,4,मुख्य विचार → व्यक्ति → समाज असा संबंध मांडावा.,"रचनेतील भक्ति, समर्पण और ईश्वर के प्रति अटूट प्रेम व्यक्तीच्या विचारांना दिशा देते; भक्ति और निष्ठा वाढल्यास सामाजिक वर्तन अधिक संवेदनशील होते आणि मीरा की कृष्णभक्ति और सामाजिक बंधनों से ऊपर उठने की भावना साध्य होण्यास मदत होते.","गिरिधर गोपाल,सामाजिक प्रभाव",Important,Hard,,
Hindi Lokbharati,1.6,“गिरिधर नागर” के आधार पर “आज के विद्यार्थी के लिए क्या करना चाहिए?” विषय पर संक्षिप्त उत्तर लिखिए।,4,पाठातील मूल्याचे कृतीत रूपांतर करा.,विद्यार्थ्यांनी भक्ति और निष्ठा स्वीकारून मीरा की कृष्णभक्ति और सामाजिक बंधनों से ऊपर उठने की भावना प्रत्यक्ष कृतीत आणावे आणि पाठातून मिळणारा सकारात्मक संदेश दैनंदिन जीवनात वापरावा.,"गिरिधर गोपाल,विद्यार्थी,कृती,भक्ति और निष्ठा",Important,Hard,,
Hindi Lokbharati,1.6,"“गिरिधर नागर” का 4 अंकों के लिए संक्षिप्त विश्लेषण कीजिए—विषय, संदेश, मूल्य और वर्तमान उपयोगिता।",4,चार मुद्दे क्रमाने लिहा.,"विषय: भक्ति, समर्पण और ईश्वर के प्रति अटूट प्रेम; संदेश: मीरा की कृष्णभक्ति और सामाजिक बंधनों से ऊपर उठने की भावना; मूल्य: भक्ति और निष्ठा; वर्तमान उपयोगिता: आजच्या जीवनात या विचाराचा प्रत्यक्ष उपयोग होतो.","गिरिधर गोपाल,विश्लेषण,भक्ति और निष्ठा,वर्तमान उपयोगिता",Important,Hard,,
Hindi Lokbharati,1.7,“खुला आकाश (पूरक पठन)” पाठ का मुख्य विषय क्या है?,1,"पाठाचा मुख्य विषय लक्षात ठेवा: स्वतंत्र सोच, अनुभव और जीवन को खुले दृष्टिकोण से देखना.","या पाठाचा मुख्य विषय स्वतंत्र सोच, अनुभव और जीवन को खुले दृष्टिकोण से देखना आहे.","खुला आकाश,स्वतंत्र दृष्टि",Important,Easy,,
Hindi Lokbharati,1.7,“खुला आकाश (पूरक पठन)” पाठ से मिलने वाला प्रमुख संदेश क्या है?,1,पाठातील मूल्य किंवा संदेश आठवा: स्वतंत्र दृष्टि.,पाठाचा प्रमुख संदेश स्वतंत्र दृष्टि या मूल्याला महत्त्व देणे हा आहे.,"खुला आकाश,स्वतंत्र दृष्टि,संदेश",Important,Easy,,
Hindi Lokbharati,1.7,“खुला आकाश (पूरक पठन)” की रचना-विधा क्या है?,1,रचना के साहित्यिक प्रकार पर ध्यान दें.,“खुला आकाश (पूरक पठन)” की रचना-विधा डायरी अंश है.,"खुला आकाश,डायरी अंश",Important,Easy,,
Hindi Lokbharati,1.7,“खुला आकाश (पूरक पठन)” के रचनाकार कौन हैं?,1,पाठ के लेखक/कवि का नाम याद करें.,“खुला आकाश (पूरक पठन)” के रचनाकार कुँवर नारायण हैं.,"खुला आकाश,कुँवर नारायण",Important,Easy,,
Hindi Lokbharati,1.7,“खुला आकाश (पूरक पठन)” में किस मानवीय मूल्य पर विशेष जोर मिलता है?,1,पाठ का मूल्य-आधारित संदेश सोचें.,इस पाठ में स्वतंत्र दृष्टि के मानवीय मूल्य पर विशेष जोर मिलता है.,"खुला आकाश,स्वतंत्र दृष्टि,मानवीय मूल्य",Important,Easy,,
Hindi Lokbharati,1.7,“खुला आकाश (पूरक पठन)” का शीर्षक पाठ के आशय से कैसे जुड़ता है?,2,शीर्षक और मुख्य विचार का संबंध बताइए.,शीर्षक खुला आकाश के माध्यम से पाठ के मुख्य आशय की ओर संकेत करता है और डायरी के माध्यम से व्यक्तिगत अनुभव और विचारों की अभिव्यक्ति को स्पष्ट करता है.,"खुला आकाश,शीर्षक,आशय",Important,Easy,,
Hindi Lokbharati,1.7,“खुला आकाश (पूरक पठन)” से विद्यार्थियों को क्या सीख मिलती है?,2,व्यावहारिक जीवन से जोड़कर उत्तर दें.,विद्यार्थियों को स्वतंत्र दृष्टि अपनाने और डायरी के माध्यम से व्यक्तिगत अनुभव और विचारों की अभिव्यक्ति को जीवन में उतारने की सीख मिलती है.,"खुला आकाश,शिक्षा,स्वतंत्र दृष्टि",Important,Easy,,
Hindi Lokbharati,1.7,“खुला आकाश (पूरक पठन)” में लेखक/कवि ने किस दृष्टिकोण को सामने रखा है?,2,लेखक की मूल दृष्टि पहचानें.,"रचनाकार ने स्वतंत्र सोच, अनुभव और जीवन को खुले दृष्टिकोण से देखना को केंद्र में रखकर संवेदनशील और विचारपूर्ण दृष्टिकोण प्रस्तुत किया है.","खुला आकाश,दृष्टिकोण",Important,Easy,,
Hindi Lokbharati,1.7,“खुला आकाश (पूरक पठन)” का संबंध आज के जीवन से कैसे जोड़ा जा सकता है?,2,आजच्या समाजातील उदाहरणाचा विचार करा.,आज के जीवन में भी स्वतंत्र दृष्टि आवश्यक है; इसलिए पाठ का संदेश व्यवहार में उपयोगी है.,"खुला आकाश,वर्तमान जीवन,संदेश",Important,Easy,,
Hindi Lokbharati,1.7,“खुला आकाश (पूरक पठन)” के आधार पर एक वाक्य में पाठ का सार लिखिए।,2,मुख्य विचार को एक वाक्य में समेटें.,"यह रचना स्वतंत्र सोच, अनुभव और जीवन को खुले दृष्टिकोण से देखना के माध्यम से डायरी के माध्यम से व्यक्तिगत अनुभव और विचारों की अभिव्यक्ति का प्रभावी संदेश देती है.","खुला आकाश,सारांश",Important,Easy,,
Hindi Lokbharati,1.7,“खुला आकाश (पूरक पठन)” में स्वतंत्र दृष्टि का महत्व अपने शब्दों में स्पष्ट कीजिए।,2,मूल्य और पाठ का संबंध बताइए.,स्वतंत्र दृष्टि से व्यक्ति का दृष्टिकोण मजबूत होता है और पाठ में यही मूल्य डायरी के माध्यम से व्यक्तिगत अनुभव और विचारों की अभिव्यक्ति के रूप में सामने आता है.,"खुला आकाश,स्वतंत्र दृष्टि,स्पष्टीकरण",Important,Medium,,
Hindi Lokbharati,1.7,“खुला आकाश (पूरक पठन)” के प्रमुख विचार को दो बिंदुओं में लिखिए।,2,मुख्य आशय के दो छोटे मुद्दे लिखें.,"१) स्वतंत्र सोच, अनुभव और जीवन को खुले दृष्टिकोण से देखना २) डायरी के माध्यम से व्यक्तिगत अनुभव और विचारों की अभिव्यक्ति","खुला आकाश,मुख्य विचार",Important,Medium,,
Hindi Lokbharati,1.7,“खुला आकाश (पूरक पठन)” के आधार पर रचनाकार का उद्देश्य स्पष्ट कीजिए।,3,"रचना क्यों लिखी गई होगी, यह सोचें.","रचनाकार का उद्देश्य स्वतंत्र सोच, अनुभव और जीवन को खुले दृष्टिकोण से देखना को प्रभावी ढंग से सामने लाना और पाठक को स्वतंत्र दृष्टि के प्रति जागरूक करना है.","खुला आकाश,उद्देश्य,स्वतंत्र दृष्टि",Important,Medium,,
Hindi Lokbharati,1.7,“खुला आकाश (पूरक पठन)” में व्यक्त विचारों की वर्तमान समाज में उपयोगिता स्पष्ट कीजिए।,3,पाठ का संदेश आजच्या परिस्थितीशी जोडा.,आज भी स्वतंत्र दृष्टि की आवश्यकता है; इसलिए डायरी के माध्यम से व्यक्तिगत अनुभव और विचारों की अभिव्यक्ति से जुड़ा संदेश सामाजिक और व्यक्तिगत जीवन में उपयोगी है.,"खुला आकाश,वर्तमान समाज,उपयोगिता",Important,Medium,,
Hindi Lokbharati,1.7,“खुला आकाश (पूरक पठन)” के आशय को समझाने के लिए उपयुक्त उदाहरण दीजिए।,3,पाठ के संदेश से मिलता-जुलता जीवन-उदाहरण सोचें.,उदाहरण के रूप में ऐसा प्रसंग लिया जा सकता है जिसमें व्यक्ति स्वतंत्र दृष्टि को अपनाकर डायरी के माध्यम से व्यक्तिगत अनुभव और विचारों की अभिव्यक्ति को व्यवहार में सिद्ध करता है.,"खुला आकाश,उदाहरण,स्वतंत्र दृष्टि",Important,Medium,,
Hindi Lokbharati,1.7,“खुला आकाश (पूरक पठन)” की भाषा/शैली की एक विशेषता लिखकर उसका प्रभाव बताइए।,3,रचना-विधा के अनुसार शैली का विचार करें.,"रचना की डायरी अंश शैली विषय को सहज और प्रभावी बनाती है तथा स्वतंत्र सोच, अनुभव और जीवन को खुले दृष्टिकोण से देखना को पाठक तक स्पष्ट रूप से पहुँचाती है.","खुला आकाश,भाषा,शैली",Important,Medium,,
Hindi Lokbharati,1.7,“खुला आकाश (पूरक पठन)” का चिकित्सक/शिक्षक/विद्यार्थी/समाजसेवकाच्या दृष्टिकोनातून संदेश स्पष्ट कीजिए।,4,भूमिका बदलूनही मुख्य मूल्य कायम ठेवा.,कोणत्याही सामाजिक भूमिकेतून पाहिले तरी स्वतंत्र दृष्टि महत्त्वाचे आहे; रचना डायरी के माध्यम से व्यक्तिगत अनुभव और विचारों की अभिव्यक्तिद्वारे जबाबदार आणि संवेदनशील वर्तनाची प्रेरणा देते.,"खुला आकाश,दृष्टिकोन,स्वतंत्र दृष्टि",Important,Hard,,
Hindi Lokbharati,1.7,“खुला आकाश (पूरक पठन)” के मुख्य विचार और उसके सामाजिक प्रभाव में संबंध स्पष्ट कीजिए।,4,मुख्य विचार → व्यक्ति → समाज असा संबंध मांडावा.,"रचनेतील स्वतंत्र सोच, अनुभव और जीवन को खुले दृष्टिकोण से देखना व्यक्तीच्या विचारांना दिशा देते; स्वतंत्र दृष्टि वाढल्यास सामाजिक वर्तन अधिक संवेदनशील होते आणि डायरी के माध्यम से व्यक्तिगत अनुभव और विचारों की अभिव्यक्ति साध्य होण्यास मदत होते.","खुला आकाश,सामाजिक प्रभाव",Important,Hard,,
Hindi Lokbharati,1.7,“खुला आकाश (पूरक पठन)” के आधार पर “आज के विद्यार्थी के लिए क्या करना चाहिए?” विषय पर संक्षिप्त उत्तर लिखिए।,4,पाठातील मूल्याचे कृतीत रूपांतर करा.,विद्यार्थ्यांनी स्वतंत्र दृष्टि स्वीकारून डायरी के माध्यम से व्यक्तिगत अनुभव और विचारों की अभिव्यक्ति प्रत्यक्ष कृतीत आणावे आणि पाठातून मिळणारा सकारात्मक संदेश दैनंदिन जीवनात वापरावा.,"खुला आकाश,विद्यार्थी,कृती,स्वतंत्र दृष्टि",Important,Hard,,
Hindi Lokbharati,1.7,"“खुला आकाश (पूरक पठन)” का 4 अंकों के लिए संक्षिप्त विश्लेषण कीजिए—विषय, संदेश, मूल्य और वर्तमान उपयोगिता।",4,चार मुद्दे क्रमाने लिहा.,"विषय: स्वतंत्र सोच, अनुभव और जीवन को खुले दृष्टिकोण से देखना; संदेश: डायरी के माध्यम से व्यक्तिगत अनुभव और विचारों की अभिव्यक्ति; मूल्य: स्वतंत्र दृष्टि; वर्तमान उपयोगिता: आजच्या जीवनात या विचाराचा प्रत्यक्ष उपयोग होतो.","खुला आकाश,विश्लेषण,स्वतंत्र दृष्टि,वर्तमान उपयोगिता",Important,Hard,,
Hindi Lokbharati,1.8,“गजल” पाठ का मुख्य विषय क्या है?,1,"पाठाचा मुख्य विषय लक्षात ठेवा: मानवीय भावनाओं, जीवनानुभव और संवेदना की अभिव्यक्ति.","या पाठाचा मुख्य विषय मानवीय भावनाओं, जीवनानुभव और संवेदना की अभिव्यक्ति आहे.","गजल,भाव-संवेदना",Important,Easy,,
Hindi Lokbharati,1.8,“गजल” पाठ से मिलने वाला प्रमुख संदेश क्या है?,1,पाठातील मूल्य किंवा संदेश आठवा: भाव-संवेदना.,पाठाचा प्रमुख संदेश भाव-संवेदना या मूल्याला महत्त्व देणे हा आहे.,"गजल,भाव-संवेदना,संदेश",Important,Easy,,
Hindi Lokbharati,1.8,“गजल” की रचना-विधा क्या है?,1,रचना के साहित्यिक प्रकार पर ध्यान दें.,“गजल” की रचना-विधा गजल है.,"गजल,गजल",Important,Easy,,
Hindi Lokbharati,1.8,“गजल” के रचनाकार कौन हैं?,1,पाठ के लेखक/कवि का नाम याद करें.,“गजल” के रचनाकार माणिक वर्मा हैं.,"गजल,माणिक वर्मा",Important,Easy,,
Hindi Lokbharati,1.8,“गजल” में किस मानवीय मूल्य पर विशेष जोर मिलता है?,1,पाठ का मूल्य-आधारित संदेश सोचें.,इस पाठ में भाव-संवेदना के मानवीय मूल्य पर विशेष जोर मिलता है.,"गजल,भाव-संवेदना,मानवीय मूल्य",Important,Easy,,
Hindi Lokbharati,1.8,“गजल” का शीर्षक पाठ के आशय से कैसे जुड़ता है?,2,शीर्षक और मुख्य विचार का संबंध बताइए.,"शीर्षक गजल के माध्यम से पाठ के मुख्य आशय की ओर संकेत करता है और गजल की पंक्तियों में भाव, अनुभव और जीवन-दृष्टि का संयोजन को स्पष्ट करता है.","गजल,शीर्षक,आशय",Important,Easy,,
Hindi Lokbharati,1.8,“गजल” से विद्यार्थियों को क्या सीख मिलती है?,2,व्यावहारिक जीवन से जोड़कर उत्तर दें.,"विद्यार्थियों को भाव-संवेदना अपनाने और गजल की पंक्तियों में भाव, अनुभव और जीवन-दृष्टि का संयोजन को जीवन में उतारने की सीख मिलती है.","गजल,शिक्षा,भाव-संवेदना",Important,Easy,,
Hindi Lokbharati,1.8,“गजल” में लेखक/कवि ने किस दृष्टिकोण को सामने रखा है?,2,लेखक की मूल दृष्टि पहचानें.,"रचनाकार ने मानवीय भावनाओं, जीवनानुभव और संवेदना की अभिव्यक्ति को केंद्र में रखकर संवेदनशील और विचारपूर्ण दृष्टिकोण प्रस्तुत किया है.","गजल,दृष्टिकोण",Important,Easy,,
Hindi Lokbharati,1.8,“गजल” का संबंध आज के जीवन से कैसे जोड़ा जा सकता है?,2,आजच्या समाजातील उदाहरणाचा विचार करा.,आज के जीवन में भी भाव-संवेदना आवश्यक है; इसलिए पाठ का संदेश व्यवहार में उपयोगी है.,"गजल,वर्तमान जीवन,संदेश",Important,Easy,,
Hindi Lokbharati,1.8,“गजल” के आधार पर एक वाक्य में पाठ का सार लिखिए।,2,मुख्य विचार को एक वाक्य में समेटें.,"यह रचना मानवीय भावनाओं, जीवनानुभव और संवेदना की अभिव्यक्ति के माध्यम से गजल की पंक्तियों में भाव, अनुभव और जीवन-दृष्टि का संयोजन का प्रभावी संदेश देती है.","गजल,सारांश",Important,Easy,,
Hindi Lokbharati,1.8,“गजल” में भाव-संवेदना का महत्व अपने शब्दों में स्पष्ट कीजिए।,2,मूल्य और पाठ का संबंध बताइए.,"भाव-संवेदना से व्यक्ति का दृष्टिकोण मजबूत होता है और पाठ में यही मूल्य गजल की पंक्तियों में भाव, अनुभव और जीवन-दृष्टि का संयोजन के रूप में सामने आता है.","गजल,भाव-संवेदना,स्पष्टीकरण",Important,Medium,,
Hindi Lokbharati,1.8,“गजल” के प्रमुख विचार को दो बिंदुओं में लिखिए।,2,मुख्य आशय के दो छोटे मुद्दे लिखें.,"१) मानवीय भावनाओं, जीवनानुभव और संवेदना की अभिव्यक्ति २) गजल की पंक्तियों में भाव, अनुभव और जीवन-दृष्टि का संयोजन","गजल,मुख्य विचार",Important,Medium,,
Hindi Lokbharati,1.8,“गजल” के आधार पर रचनाकार का उद्देश्य स्पष्ट कीजिए।,3,"रचना क्यों लिखी गई होगी, यह सोचें.","रचनाकार का उद्देश्य मानवीय भावनाओं, जीवनानुभव और संवेदना की अभिव्यक्ति को प्रभावी ढंग से सामने लाना और पाठक को भाव-संवेदना के प्रति जागरूक करना है.","गजल,उद्देश्य,भाव-संवेदना",Important,Medium,,
Hindi Lokbharati,1.8,“गजल” में व्यक्त विचारों की वर्तमान समाज में उपयोगिता स्पष्ट कीजिए।,3,पाठ का संदेश आजच्या परिस्थितीशी जोडा.,"आज भी भाव-संवेदना की आवश्यकता है; इसलिए गजल की पंक्तियों में भाव, अनुभव और जीवन-दृष्टि का संयोजन से जुड़ा संदेश सामाजिक और व्यक्तिगत जीवन में उपयोगी है.","गजल,वर्तमान समाज,उपयोगिता",Important,Medium,,
Hindi Lokbharati,1.8,“गजल” के आशय को समझाने के लिए उपयुक्त उदाहरण दीजिए।,3,पाठ के संदेश से मिलता-जुलता जीवन-उदाहरण सोचें.,"उदाहरण के रूप में ऐसा प्रसंग लिया जा सकता है जिसमें व्यक्ति भाव-संवेदना को अपनाकर गजल की पंक्तियों में भाव, अनुभव और जीवन-दृष्टि का संयोजन को व्यवहार में सिद्ध करता है.","गजल,उदाहरण,भाव-संवेदना",Important,Medium,,
Hindi Lokbharati,1.8,“गजल” की भाषा/शैली की एक विशेषता लिखकर उसका प्रभाव बताइए।,3,रचना-विधा के अनुसार शैली का विचार करें.,"रचना की गजल शैली विषय को सहज और प्रभावी बनाती है तथा मानवीय भावनाओं, जीवनानुभव और संवेदना की अभिव्यक्ति को पाठक तक स्पष्ट रूप से पहुँचाती है.","गजल,भाषा,शैली",Important,Medium,,
Hindi Lokbharati,1.8,“गजल” का चिकित्सक/शिक्षक/विद्यार्थी/समाजसेवकाच्या दृष्टिकोनातून संदेश स्पष्ट कीजिए।,4,भूमिका बदलूनही मुख्य मूल्य कायम ठेवा.,"कोणत्याही सामाजिक भूमिकेतून पाहिले तरी भाव-संवेदना महत्त्वाचे आहे; रचना गजल की पंक्तियों में भाव, अनुभव और जीवन-दृष्टि का संयोजनद्वारे जबाबदार आणि संवेदनशील वर्तनाची प्रेरणा देते.","गजल,दृष्टिकोन,भाव-संवेदना",Important,Hard,,
Hindi Lokbharati,1.8,“गजल” के मुख्य विचार और उसके सामाजिक प्रभाव में संबंध स्पष्ट कीजिए।,4,मुख्य विचार → व्यक्ति → समाज असा संबंध मांडावा.,"रचनेतील मानवीय भावनाओं, जीवनानुभव और संवेदना की अभिव्यक्ति व्यक्तीच्या विचारांना दिशा देते; भाव-संवेदना वाढल्यास सामाजिक वर्तन अधिक संवेदनशील होते आणि गजल की पंक्तियों में भाव, अनुभव और जीवन-दृष्टि का संयोजन साध्य होण्यास मदत होते.","गजल,सामाजिक प्रभाव",Important,Hard,,
Hindi Lokbharati,1.8,“गजल” के आधार पर “आज के विद्यार्थी के लिए क्या करना चाहिए?” विषय पर संक्षिप्त उत्तर लिखिए।,4,पाठातील मूल्याचे कृतीत रूपांतर करा.,"विद्यार्थ्यांनी भाव-संवेदना स्वीकारून गजल की पंक्तियों में भाव, अनुभव और जीवन-दृष्टि का संयोजन प्रत्यक्ष कृतीत आणावे आणि पाठातून मिळणारा सकारात्मक संदेश दैनंदिन जीवनात वापरावा.","गजल,विद्यार्थी,कृती,भाव-संवेदना",Important,Hard,,
Hindi Lokbharati,1.8,"“गजल” का 4 अंकों के लिए संक्षिप्त विश्लेषण कीजिए—विषय, संदेश, मूल्य और वर्तमान उपयोगिता।",4,चार मुद्दे क्रमाने लिहा.,"विषय: मानवीय भावनाओं, जीवनानुभव और संवेदना की अभिव्यक्ति; संदेश: गजल की पंक्तियों में भाव, अनुभव और जीवन-दृष्टि का संयोजन; मूल्य: भाव-संवेदना; वर्तमान उपयोगिता: आजच्या जीवनात या विचाराचा प्रत्यक्ष उपयोग होतो.","गजल,विश्लेषण,भाव-संवेदना,वर्तमान उपयोगिता",Important,Hard,,
Hindi Lokbharati,1.9,“रीढ़ की हड्डी” पाठ का मुख्य विषय क्या है?,1,"पाठाचा मुख्य विषय लक्षात ठेवा: दहेज, विवाह और स्त्री के सम्मान से जुड़े सामाजिक प्रश्न.","या पाठाचा मुख्य विषय दहेज, विवाह और स्त्री के सम्मान से जुड़े सामाजिक प्रश्न आहे.","विवाह,स्त्री सम्मान",Important,Easy,,
Hindi Lokbharati,1.9,“रीढ़ की हड्डी” पाठ से मिलने वाला प्रमुख संदेश क्या है?,1,पाठातील मूल्य किंवा संदेश आठवा: स्त्री सम्मान.,पाठाचा प्रमुख संदेश स्त्री सम्मान या मूल्याला महत्त्व देणे हा आहे.,"विवाह,स्त्री सम्मान,संदेश",Important,Easy,,
Hindi Lokbharati,1.9,“रीढ़ की हड्डी” की रचना-विधा क्या है?,1,रचना के साहित्यिक प्रकार पर ध्यान दें.,“रीढ़ की हड्डी” की रचना-विधा एकांकी है.,"विवाह,एकांकी",Important,Easy,,
Hindi Lokbharati,1.9,“रीढ़ की हड्डी” के रचनाकार कौन हैं?,1,पाठ के लेखक/कवि का नाम याद करें.,“रीढ़ की हड्डी” के रचनाकार जगदीशचंद्र माथुर हैं.,"विवाह,जगदीशचंद्र माथुर",Important,Easy,,
Hindi Lokbharati,1.9,“रीढ़ की हड्डी” में किस मानवीय मूल्य पर विशेष जोर मिलता है?,1,पाठ का मूल्य-आधारित संदेश सोचें.,इस पाठ में स्त्री सम्मान के मानवीय मूल्य पर विशेष जोर मिलता है.,"विवाह,स्त्री सम्मान,मानवीय मूल्य",Important,Easy,,
Hindi Lokbharati,1.9,“रीढ़ की हड्डी” का शीर्षक पाठ के आशय से कैसे जुड़ता है?,2,शीर्षक और मुख्य विचार का संबंध बताइए.,शीर्षक विवाह के माध्यम से पाठ के मुख्य आशय की ओर संकेत करता है और संवाद और पात्रों के माध्यम से सामाजिक रूढ़ियों पर प्रहार को स्पष्ट करता है.,"विवाह,शीर्षक,आशय",Important,Easy,,
Hindi Lokbharati,1.9,“रीढ़ की हड्डी” से विद्यार्थियों को क्या सीख मिलती है?,2,व्यावहारिक जीवन से जोड़कर उत्तर दें.,विद्यार्थियों को स्त्री सम्मान अपनाने और संवाद और पात्रों के माध्यम से सामाजिक रूढ़ियों पर प्रहार को जीवन में उतारने की सीख मिलती है.,"विवाह,शिक्षा,स्त्री सम्मान",Important,Easy,,
Hindi Lokbharati,1.9,“रीढ़ की हड्डी” में लेखक/कवि ने किस दृष्टिकोण को सामने रखा है?,2,लेखक की मूल दृष्टि पहचानें.,"रचनाकार ने दहेज, विवाह और स्त्री के सम्मान से जुड़े सामाजिक प्रश्न को केंद्र में रखकर संवेदनशील और विचारपूर्ण दृष्टिकोण प्रस्तुत किया है.","विवाह,दृष्टिकोण",Important,Easy,,
Hindi Lokbharati,1.9,“रीढ़ की हड्डी” का संबंध आज के जीवन से कैसे जोड़ा जा सकता है?,2,आजच्या समाजातील उदाहरणाचा विचार करा.,आज के जीवन में भी स्त्री सम्मान आवश्यक है; इसलिए पाठ का संदेश व्यवहार में उपयोगी है.,"विवाह,वर्तमान जीवन,संदेश",Important,Easy,,
Hindi Lokbharati,1.9,“रीढ़ की हड्डी” के आधार पर एक वाक्य में पाठ का सार लिखिए।,2,मुख्य विचार को एक वाक्य में समेटें.,"यह रचना दहेज, विवाह और स्त्री के सम्मान से जुड़े सामाजिक प्रश्न के माध्यम से संवाद और पात्रों के माध्यम से सामाजिक रूढ़ियों पर प्रहार का प्रभावी संदेश देती है.","विवाह,सारांश",Important,Easy,,
Hindi Lokbharati,1.9,“रीढ़ की हड्डी” में स्त्री सम्मान का महत्व अपने शब्दों में स्पष्ट कीजिए।,2,मूल्य और पाठ का संबंध बताइए.,स्त्री सम्मान से व्यक्ति का दृष्टिकोण मजबूत होता है और पाठ में यही मूल्य संवाद और पात्रों के माध्यम से सामाजिक रूढ़ियों पर प्रहार के रूप में सामने आता है.,"विवाह,स्त्री सम्मान,स्पष्टीकरण",Important,Medium,,
Hindi Lokbharati,1.9,“रीढ़ की हड्डी” के प्रमुख विचार को दो बिंदुओं में लिखिए।,2,मुख्य आशय के दो छोटे मुद्दे लिखें.,"१) दहेज, विवाह और स्त्री के सम्मान से जुड़े सामाजिक प्रश्न २) संवाद और पात्रों के माध्यम से सामाजिक रूढ़ियों पर प्रहार","विवाह,मुख्य विचार",Important,Medium,,
Hindi Lokbharati,1.9,“रीढ़ की हड्डी” के आधार पर रचनाकार का उद्देश्य स्पष्ट कीजिए।,3,"रचना क्यों लिखी गई होगी, यह सोचें.","रचनाकार का उद्देश्य दहेज, विवाह और स्त्री के सम्मान से जुड़े सामाजिक प्रश्न को प्रभावी ढंग से सामने लाना और पाठक को स्त्री सम्मान के प्रति जागरूक करना है.","विवाह,उद्देश्य,स्त्री सम्मान",Important,Medium,,
Hindi Lokbharati,1.9,“रीढ़ की हड्डी” में व्यक्त विचारों की वर्तमान समाज में उपयोगिता स्पष्ट कीजिए।,3,पाठ का संदेश आजच्या परिस्थितीशी जोडा.,आज भी स्त्री सम्मान की आवश्यकता है; इसलिए संवाद और पात्रों के माध्यम से सामाजिक रूढ़ियों पर प्रहार से जुड़ा संदेश सामाजिक और व्यक्तिगत जीवन में उपयोगी है.,"विवाह,वर्तमान समाज,उपयोगिता",Important,Medium,,
Hindi Lokbharati,1.9,“रीढ़ की हड्डी” के आशय को समझाने के लिए उपयुक्त उदाहरण दीजिए।,3,पाठ के संदेश से मिलता-जुलता जीवन-उदाहरण सोचें.,उदाहरण के रूप में ऐसा प्रसंग लिया जा सकता है जिसमें व्यक्ति स्त्री सम्मान को अपनाकर संवाद और पात्रों के माध्यम से सामाजिक रूढ़ियों पर प्रहार को व्यवहार में सिद्ध करता है.,"विवाह,उदाहरण,स्त्री सम्मान",Important,Medium,,
Hindi Lokbharati,1.9,“रीढ़ की हड्डी” की भाषा/शैली की एक विशेषता लिखकर उसका प्रभाव बताइए।,3,रचना-विधा के अनुसार शैली का विचार करें.,"रचना की एकांकी शैली विषय को सहज और प्रभावी बनाती है तथा दहेज, विवाह और स्त्री के सम्मान से जुड़े सामाजिक प्रश्न को पाठक तक स्पष्ट रूप से पहुँचाती है.","विवाह,भाषा,शैली",Important,Medium,,
Hindi Lokbharati,1.9,“रीढ़ की हड्डी” का चिकित्सक/शिक्षक/विद्यार्थी/समाजसेवकाच्या दृष्टिकोनातून संदेश स्पष्ट कीजिए।,4,भूमिका बदलूनही मुख्य मूल्य कायम ठेवा.,कोणत्याही सामाजिक भूमिकेतून पाहिले तरी स्त्री सम्मान महत्त्वाचे आहे; रचना संवाद और पात्रों के माध्यम से सामाजिक रूढ़ियों पर प्रहारद्वारे जबाबदार आणि संवेदनशील वर्तनाची प्रेरणा देते.,"विवाह,दृष्टिकोन,स्त्री सम्मान",Important,Hard,,
Hindi Lokbharati,1.9,“रीढ़ की हड्डी” के मुख्य विचार और उसके सामाजिक प्रभाव में संबंध स्पष्ट कीजिए।,4,मुख्य विचार → व्यक्ति → समाज असा संबंध मांडावा.,"रचनेतील दहेज, विवाह और स्त्री के सम्मान से जुड़े सामाजिक प्रश्न व्यक्तीच्या विचारांना दिशा देते; स्त्री सम्मान वाढल्यास सामाजिक वर्तन अधिक संवेदनशील होते आणि संवाद और पात्रों के माध्यम से सामाजिक रूढ़ियों पर प्रहार साध्य होण्यास मदत होते.","विवाह,सामाजिक प्रभाव",Important,Hard,,
Hindi Lokbharati,1.9,“रीढ़ की हड्डी” के आधार पर “आज के विद्यार्थी के लिए क्या करना चाहिए?” विषय पर संक्षिप्त उत्तर लिखिए।,4,पाठातील मूल्याचे कृतीत रूपांतर करा.,विद्यार्थ्यांनी स्त्री सम्मान स्वीकारून संवाद और पात्रों के माध्यम से सामाजिक रूढ़ियों पर प्रहार प्रत्यक्ष कृतीत आणावे आणि पाठातून मिळणारा सकारात्मक संदेश दैनंदिन जीवनात वापरावा.,"विवाह,विद्यार्थी,कृती,स्त्री सम्मान",Important,Hard,,
Hindi Lokbharati,1.9,"“रीढ़ की हड्डी” का 4 अंकों के लिए संक्षिप्त विश्लेषण कीजिए—विषय, संदेश, मूल्य और वर्तमान उपयोगिता।",4,चार मुद्दे क्रमाने लिहा.,"विषय: दहेज, विवाह और स्त्री के सम्मान से जुड़े सामाजिक प्रश्न; संदेश: संवाद और पात्रों के माध्यम से सामाजिक रूढ़ियों पर प्रहार; मूल्य: स्त्री सम्मान; वर्तमान उपयोगिता: आजच्या जीवनात या विचाराचा प्रत्यक्ष उपयोग होतो.","विवाह,विश्लेषण,स्त्री सम्मान,वर्तमान उपयोगिता",Important,Hard,,
Hindi Lokbharati,1.10,“ठेस (पूरक पठन)” पाठ का मुख्य विषय क्या है?,1,"पाठाचा मुख्य विषय लक्षात ठेवा: मानवीय संवेदना, आत्मसम्मान और ग्रामीण जीवन.","या पाठाचा मुख्य विषय मानवीय संवेदना, आत्मसम्मान और ग्रामीण जीवन आहे.","ठेस,मानवीय संवेदना",Important,Easy,,
Hindi Lokbharati,1.10,“ठेस (पूरक पठन)” पाठ से मिलने वाला प्रमुख संदेश क्या है?,1,पाठातील मूल्य किंवा संदेश आठवा: मानवीय संवेदना.,पाठाचा प्रमुख संदेश मानवीय संवेदना या मूल्याला महत्त्व देणे हा आहे.,"ठेस,मानवीय संवेदना,संदेश",Important,Easy,,
Hindi Lokbharati,1.10,“ठेस (पूरक पठन)” की रचना-विधा क्या है?,1,रचना के साहित्यिक प्रकार पर ध्यान दें.,“ठेस (पूरक पठन)” की रचना-विधा आंचलिक कहानी है.,"ठेस,आंचलिक कहानी",Important,Easy,,
Hindi Lokbharati,1.10,“ठेस (पूरक पठन)” के रचनाकार कौन हैं?,1,पाठ के लेखक/कवि का नाम याद करें.,“ठेस (पूरक पठन)” के रचनाकार फणीश्वरनाथ रेणु हैं.,"ठेस,फणीश्वरनाथ रेणु",Important,Easy,,
Hindi Lokbharati,1.10,“ठेस (पूरक पठन)” में किस मानवीय मूल्य पर विशेष जोर मिलता है?,1,पाठ का मूल्य-आधारित संदेश सोचें.,इस पाठ में मानवीय संवेदना के मानवीय मूल्य पर विशेष जोर मिलता है.,"ठेस,मानवीय संवेदना,मानवीय मूल्य",Important,Easy,,
Hindi Lokbharati,1.10,“ठेस (पूरक पठन)” का शीर्षक पाठ के आशय से कैसे जुड़ता है?,2,शीर्षक और मुख्य विचार का संबंध बताइए.,"शीर्षक ठेस के माध्यम से पाठ के मुख्य आशय की ओर संकेत करता है और ग्रामीण परिवेश में चोट, संबंध और मनुष्य की भावनाओं का चित्रण को स्पष्ट करता है.","ठेस,शीर्षक,आशय",Important,Easy,,
Hindi Lokbharati,1.10,“ठेस (पूरक पठन)” से विद्यार्थियों को क्या सीख मिलती है?,2,व्यावहारिक जीवन से जोड़कर उत्तर दें.,"विद्यार्थियों को मानवीय संवेदना अपनाने और ग्रामीण परिवेश में चोट, संबंध और मनुष्य की भावनाओं का चित्रण को जीवन में उतारने की सीख मिलती है.","ठेस,शिक्षा,मानवीय संवेदना",Important,Easy,,
Hindi Lokbharati,1.10,“ठेस (पूरक पठन)” में लेखक/कवि ने किस दृष्टिकोण को सामने रखा है?,2,लेखक की मूल दृष्टि पहचानें.,"रचनाकार ने मानवीय संवेदना, आत्मसम्मान और ग्रामीण जीवन को केंद्र में रखकर संवेदनशील और विचारपूर्ण दृष्टिकोण प्रस्तुत किया है.","ठेस,दृष्टिकोण",Important,Easy,,
Hindi Lokbharati,1.10,“ठेस (पूरक पठन)” का संबंध आज के जीवन से कैसे जोड़ा जा सकता है?,2,आजच्या समाजातील उदाहरणाचा विचार करा.,आज के जीवन में भी मानवीय संवेदना आवश्यक है; इसलिए पाठ का संदेश व्यवहार में उपयोगी है.,"ठेस,वर्तमान जीवन,संदेश",Important,Easy,,
Hindi Lokbharati,1.10,“ठेस (पूरक पठन)” के आधार पर एक वाक्य में पाठ का सार लिखिए।,2,मुख्य विचार को एक वाक्य में समेटें.,"यह रचना मानवीय संवेदना, आत्मसम्मान और ग्रामीण जीवन के माध्यम से ग्रामीण परिवेश में चोट, संबंध और मनुष्य की भावनाओं का चित्रण का प्रभावी संदेश देती है.","ठेस,सारांश",Important,Easy,,
Hindi Lokbharati,1.10,“ठेस (पूरक पठन)” में मानवीय संवेदना का महत्व अपने शब्दों में स्पष्ट कीजिए।,2,मूल्य और पाठ का संबंध बताइए.,"मानवीय संवेदना से व्यक्ति का दृष्टिकोण मजबूत होता है और पाठ में यही मूल्य ग्रामीण परिवेश में चोट, संबंध और मनुष्य की भावनाओं का चित्रण के रूप में सामने आता है.","ठेस,मानवीय संवेदना,स्पष्टीकरण",Important,Medium,,
Hindi Lokbharati,1.10,“ठेस (पूरक पठन)” के प्रमुख विचार को दो बिंदुओं में लिखिए।,2,मुख्य आशय के दो छोटे मुद्दे लिखें.,"१) मानवीय संवेदना, आत्मसम्मान और ग्रामीण जीवन २) ग्रामीण परिवेश में चोट, संबंध और मनुष्य की भावनाओं का चित्रण","ठेस,मुख्य विचार",Important,Medium,,
Hindi Lokbharati,1.10,“ठेस (पूरक पठन)” के आधार पर रचनाकार का उद्देश्य स्पष्ट कीजिए।,3,"रचना क्यों लिखी गई होगी, यह सोचें.","रचनाकार का उद्देश्य मानवीय संवेदना, आत्मसम्मान और ग्रामीण जीवन को प्रभावी ढंग से सामने लाना और पाठक को मानवीय संवेदना के प्रति जागरूक करना है.","ठेस,उद्देश्य,मानवीय संवेदना",Important,Medium,,
Hindi Lokbharati,1.10,“ठेस (पूरक पठन)” में व्यक्त विचारों की वर्तमान समाज में उपयोगिता स्पष्ट कीजिए।,3,पाठ का संदेश आजच्या परिस्थितीशी जोडा.,"आज भी मानवीय संवेदना की आवश्यकता है; इसलिए ग्रामीण परिवेश में चोट, संबंध और मनुष्य की भावनाओं का चित्रण से जुड़ा संदेश सामाजिक और व्यक्तिगत जीवन में उपयोगी है.","ठेस,वर्तमान समाज,उपयोगिता",Important,Medium,,
Hindi Lokbharati,1.10,“ठेस (पूरक पठन)” के आशय को समझाने के लिए उपयुक्त उदाहरण दीजिए।,3,पाठ के संदेश से मिलता-जुलता जीवन-उदाहरण सोचें.,"उदाहरण के रूप में ऐसा प्रसंग लिया जा सकता है जिसमें व्यक्ति मानवीय संवेदना को अपनाकर ग्रामीण परिवेश में चोट, संबंध और मनुष्य की भावनाओं का चित्रण को व्यवहार में सिद्ध करता है.","ठेस,उदाहरण,मानवीय संवेदना",Important,Medium,,
Hindi Lokbharati,1.10,“ठेस (पूरक पठन)” की भाषा/शैली की एक विशेषता लिखकर उसका प्रभाव बताइए।,3,रचना-विधा के अनुसार शैली का विचार करें.,"रचना की आंचलिक कहानी शैली विषय को सहज और प्रभावी बनाती है तथा मानवीय संवेदना, आत्मसम्मान और ग्रामीण जीवन को पाठक तक स्पष्ट रूप से पहुँचाती है.","ठेस,भाषा,शैली",Important,Medium,,
Hindi Lokbharati,1.10,“ठेस (पूरक पठन)” का चिकित्सक/शिक्षक/विद्यार्थी/समाजसेवकाच्या दृष्टिकोनातून संदेश स्पष्ट कीजिए।,4,भूमिका बदलूनही मुख्य मूल्य कायम ठेवा.,"कोणत्याही सामाजिक भूमिकेतून पाहिले तरी मानवीय संवेदना महत्त्वाचे आहे; रचना ग्रामीण परिवेश में चोट, संबंध और मनुष्य की भावनाओं का चित्रणद्वारे जबाबदार आणि संवेदनशील वर्तनाची प्रेरणा देते.","ठेस,दृष्टिकोन,मानवीय संवेदना",Important,Hard,,
Hindi Lokbharati,1.10,“ठेस (पूरक पठन)” के मुख्य विचार और उसके सामाजिक प्रभाव में संबंध स्पष्ट कीजिए।,4,मुख्य विचार → व्यक्ति → समाज असा संबंध मांडावा.,"रचनेतील मानवीय संवेदना, आत्मसम्मान और ग्रामीण जीवन व्यक्तीच्या विचारांना दिशा देते; मानवीय संवेदना वाढल्यास सामाजिक वर्तन अधिक संवेदनशील होते आणि ग्रामीण परिवेश में चोट, संबंध और मनुष्य की भावनाओं का चित्रण साध्य होण्यास मदत होते.","ठेस,सामाजिक प्रभाव",Important,Hard,,
Hindi Lokbharati,1.10,“ठेस (पूरक पठन)” के आधार पर “आज के विद्यार्थी के लिए क्या करना चाहिए?” विषय पर संक्षिप्त उत्तर लिखिए।,4,पाठातील मूल्याचे कृतीत रूपांतर करा.,"विद्यार्थ्यांनी मानवीय संवेदना स्वीकारून ग्रामीण परिवेश में चोट, संबंध और मनुष्य की भावनाओं का चित्रण प्रत्यक्ष कृतीत आणावे आणि पाठातून मिळणारा सकारात्मक संदेश दैनंदिन जीवनात वापरावा.","ठेस,विद्यार्थी,कृती,मानवीय संवेदना",Important,Hard,,
Hindi Lokbharati,1.10,"“ठेस (पूरक पठन)” का 4 अंकों के लिए संक्षिप्त विश्लेषण कीजिए—विषय, संदेश, मूल्य और वर्तमान उपयोगिता।",4,चार मुद्दे क्रमाने लिहा.,"विषय: मानवीय संवेदना, आत्मसम्मान और ग्रामीण जीवन; संदेश: ग्रामीण परिवेश में चोट, संबंध और मनुष्य की भावनाओं का चित्रण; मूल्य: मानवीय संवेदना; वर्तमान उपयोगिता: आजच्या जीवनात या विचाराचा प्रत्यक्ष उपयोग होतो.","ठेस,विश्लेषण,मानवीय संवेदना,वर्तमान उपयोगिता",Important,Hard,,
Hindi Lokbharati,1.11,“कृषक का गान” पाठ का मुख्य विषय क्या है?,1,"पाठाचा मुख्य विषय लक्षात ठेवा: किसान के श्रम, त्याग और समाज में महत्व.","या पाठाचा मुख्य विषय किसान के श्रम, त्याग और समाज में महत्व आहे.","कृषक,कृषक सम्मान",Important,Easy,,
Hindi Lokbharati,1.11,“कृषक का गान” पाठ से मिलने वाला प्रमुख संदेश क्या है?,1,पाठातील मूल्य किंवा संदेश आठवा: कृषक सम्मान.,पाठाचा प्रमुख संदेश कृषक सम्मान या मूल्याला महत्त्व देणे हा आहे.,"कृषक,कृषक सम्मान,संदेश",Important,Easy,,
Hindi Lokbharati,1.11,“कृषक का गान” की रचना-विधा क्या है?,1,रचना के साहित्यिक प्रकार पर ध्यान दें.,“कृषक का गान” की रचना-विधा गीत है.,"कृषक,गीत",Important,Easy,,
Hindi Lokbharati,1.11,“कृषक का गान” के रचनाकार कौन हैं?,1,पाठ के लेखक/कवि का नाम याद करें.,“कृषक का गान” के रचनाकार दिनेश भारद्वाज हैं.,"कृषक,दिनेश भारद्वाज",Important,Easy,,
Hindi Lokbharati,1.11,“कृषक का गान” में किस मानवीय मूल्य पर विशेष जोर मिलता है?,1,पाठ का मूल्य-आधारित संदेश सोचें.,इस पाठ में कृषक सम्मान के मानवीय मूल्य पर विशेष जोर मिलता है.,"कृषक,कृषक सम्मान,मानवीय मूल्य",Important,Easy,,
Hindi Lokbharati,1.11,“कृषक का गान” का शीर्षक पाठ के आशय से कैसे जुड़ता है?,2,शीर्षक और मुख्य विचार का संबंध बताइए.,शीर्षक कृषक के माध्यम से पाठ के मुख्य आशय की ओर संकेत करता है और अन्नदाता किसान के योगदान और उसकी कठिनाइयों का सम्मान को स्पष्ट करता है.,"कृषक,शीर्षक,आशय",Important,Easy,,
Hindi Lokbharati,1.11,“कृषक का गान” से विद्यार्थियों को क्या सीख मिलती है?,2,व्यावहारिक जीवन से जोड़कर उत्तर दें.,विद्यार्थियों को कृषक सम्मान अपनाने और अन्नदाता किसान के योगदान और उसकी कठिनाइयों का सम्मान को जीवन में उतारने की सीख मिलती है.,"कृषक,शिक्षा,कृषक सम्मान",Important,Easy,,
Hindi Lokbharati,1.11,“कृषक का गान” में लेखक/कवि ने किस दृष्टिकोण को सामने रखा है?,2,लेखक की मूल दृष्टि पहचानें.,"रचनाकार ने किसान के श्रम, त्याग और समाज में महत्व को केंद्र में रखकर संवेदनशील और विचारपूर्ण दृष्टिकोण प्रस्तुत किया है.","कृषक,दृष्टिकोण",Important,Easy,,
Hindi Lokbharati,1.11,“कृषक का गान” का संबंध आज के जीवन से कैसे जोड़ा जा सकता है?,2,आजच्या समाजातील उदाहरणाचा विचार करा.,आज के जीवन में भी कृषक सम्मान आवश्यक है; इसलिए पाठ का संदेश व्यवहार में उपयोगी है.,"कृषक,वर्तमान जीवन,संदेश",Important,Easy,,
Hindi Lokbharati,1.11,“कृषक का गान” के आधार पर एक वाक्य में पाठ का सार लिखिए।,2,मुख्य विचार को एक वाक्य में समेटें.,"यह रचना किसान के श्रम, त्याग और समाज में महत्व के माध्यम से अन्नदाता किसान के योगदान और उसकी कठिनाइयों का सम्मान का प्रभावी संदेश देती है.","कृषक,सारांश",Important,Easy,,
Hindi Lokbharati,1.11,“कृषक का गान” में कृषक सम्मान का महत्व अपने शब्दों में स्पष्ट कीजिए।,2,मूल्य और पाठ का संबंध बताइए.,कृषक सम्मान से व्यक्ति का दृष्टिकोण मजबूत होता है और पाठ में यही मूल्य अन्नदाता किसान के योगदान और उसकी कठिनाइयों का सम्मान के रूप में सामने आता है.,"कृषक,कृषक सम्मान,स्पष्टीकरण",Important,Medium,,
Hindi Lokbharati,1.11,“कृषक का गान” के प्रमुख विचार को दो बिंदुओं में लिखिए।,2,मुख्य आशय के दो छोटे मुद्दे लिखें.,"१) किसान के श्रम, त्याग और समाज में महत्व २) अन्नदाता किसान के योगदान और उसकी कठिनाइयों का सम्मान","कृषक,मुख्य विचार",Important,Medium,,
Hindi Lokbharati,1.11,“कृषक का गान” के आधार पर रचनाकार का उद्देश्य स्पष्ट कीजिए।,3,"रचना क्यों लिखी गई होगी, यह सोचें.","रचनाकार का उद्देश्य किसान के श्रम, त्याग और समाज में महत्व को प्रभावी ढंग से सामने लाना और पाठक को कृषक सम्मान के प्रति जागरूक करना है.","कृषक,उद्देश्य,कृषक सम्मान",Important,Medium,,
Hindi Lokbharati,1.11,“कृषक का गान” में व्यक्त विचारों की वर्तमान समाज में उपयोगिता स्पष्ट कीजिए।,3,पाठ का संदेश आजच्या परिस्थितीशी जोडा.,आज भी कृषक सम्मान की आवश्यकता है; इसलिए अन्नदाता किसान के योगदान और उसकी कठिनाइयों का सम्मान से जुड़ा संदेश सामाजिक और व्यक्तिगत जीवन में उपयोगी है.,"कृषक,वर्तमान समाज,उपयोगिता",Important,Medium,,
Hindi Lokbharati,1.11,“कृषक का गान” के आशय को समझाने के लिए उपयुक्त उदाहरण दीजिए।,3,पाठ के संदेश से मिलता-जुलता जीवन-उदाहरण सोचें.,उदाहरण के रूप में ऐसा प्रसंग लिया जा सकता है जिसमें व्यक्ति कृषक सम्मान को अपनाकर अन्नदाता किसान के योगदान और उसकी कठिनाइयों का सम्मान को व्यवहार में सिद्ध करता है.,"कृषक,उदाहरण,कृषक सम्मान",Important,Medium,,
Hindi Lokbharati,1.11,“कृषक का गान” की भाषा/शैली की एक विशेषता लिखकर उसका प्रभाव बताइए।,3,रचना-विधा के अनुसार शैली का विचार करें.,"रचना की गीत शैली विषय को सहज और प्रभावी बनाती है तथा किसान के श्रम, त्याग और समाज में महत्व को पाठक तक स्पष्ट रूप से पहुँचाती है.","कृषक,भाषा,शैली",Important,Medium,,
Hindi Lokbharati,1.11,“कृषक का गान” का चिकित्सक/शिक्षक/विद्यार्थी/समाजसेवकाच्या दृष्टिकोनातून संदेश स्पष्ट कीजिए।,4,भूमिका बदलूनही मुख्य मूल्य कायम ठेवा.,कोणत्याही सामाजिक भूमिकेतून पाहिले तरी कृषक सम्मान महत्त्वाचे आहे; रचना अन्नदाता किसान के योगदान और उसकी कठिनाइयों का सम्मानद्वारे जबाबदार आणि संवेदनशील वर्तनाची प्रेरणा देते.,"कृषक,दृष्टिकोन,कृषक सम्मान",Important,Hard,,
Hindi Lokbharati,1.11,“कृषक का गान” के मुख्य विचार और उसके सामाजिक प्रभाव में संबंध स्पष्ट कीजिए।,4,मुख्य विचार → व्यक्ति → समाज असा संबंध मांडावा.,"रचनेतील किसान के श्रम, त्याग और समाज में महत्व व्यक्तीच्या विचारांना दिशा देते; कृषक सम्मान वाढल्यास सामाजिक वर्तन अधिक संवेदनशील होते आणि अन्नदाता किसान के योगदान और उसकी कठिनाइयों का सम्मान साध्य होण्यास मदत होते.","कृषक,सामाजिक प्रभाव",Important,Hard,,
Hindi Lokbharati,1.11,“कृषक का गान” के आधार पर “आज के विद्यार्थी के लिए क्या करना चाहिए?” विषय पर संक्षिप्त उत्तर लिखिए।,4,पाठातील मूल्याचे कृतीत रूपांतर करा.,विद्यार्थ्यांनी कृषक सम्मान स्वीकारून अन्नदाता किसान के योगदान और उसकी कठिनाइयों का सम्मान प्रत्यक्ष कृतीत आणावे आणि पाठातून मिळणारा सकारात्मक संदेश दैनंदिन जीवनात वापरावा.,"कृषक,विद्यार्थी,कृती,कृषक सम्मान",Important,Hard,,
Hindi Lokbharati,1.11,"“कृषक का गान” का 4 अंकों के लिए संक्षिप्त विश्लेषण कीजिए—विषय, संदेश, मूल्य और वर्तमान उपयोगिता।",4,चार मुद्दे क्रमाने लिहा.,"विषय: किसान के श्रम, त्याग और समाज में महत्व; संदेश: अन्नदाता किसान के योगदान और उसकी कठिनाइयों का सम्मान; मूल्य: कृषक सम्मान; वर्तमान उपयोगिता: आजच्या जीवनात या विचाराचा प्रत्यक्ष उपयोग होतो.","कृषक,विश्लेषण,कृषक सम्मान,वर्तमान उपयोगिता",Important,Hard,,
Hindi Lokbharati,2.1,“बरषहिं जलद” पाठ का मुख्य विषय क्या है?,1,"पाठाचा मुख्य विषय लक्षात ठेवा: वर्षा ऋतु, प्रकृति और जीवन के सौंदर्य का चित्रण.","या पाठाचा मुख्य विषय वर्षा ऋतु, प्रकृति और जीवन के सौंदर्य का चित्रण आहे.","वर्षा,प्रकृति-सौंदर्य",Important,Easy,,
Hindi Lokbharati,2.1,“बरषहिं जलद” पाठ से मिलने वाला प्रमुख संदेश क्या है?,1,पाठातील मूल्य किंवा संदेश आठवा: प्रकृति-सौंदर्य.,पाठाचा प्रमुख संदेश प्रकृति-सौंदर्य या मूल्याला महत्त्व देणे हा आहे.,"वर्षा,प्रकृति-सौंदर्य,संदेश",Important,Easy,,
Hindi Lokbharati,2.1,“बरषहिं जलद” की रचना-विधा क्या है?,1,रचना के साहित्यिक प्रकार पर ध्यान दें.,“बरषहिं जलद” की रचना-विधा महाकाव्य अंश है.,"वर्षा,महाकाव्य अंश",Important,Easy,,
Hindi Lokbharati,2.1,“बरषहिं जलद” के रचनाकार कौन हैं?,1,पाठ के लेखक/कवि का नाम याद करें.,“बरषहिं जलद” के रचनाकार गोस्वामी तुलसीदास हैं.,"वर्षा,गोस्वामी तुलसीदास",Important,Easy,,
Hindi Lokbharati,2.1,“बरषहिं जलद” में किस मानवीय मूल्य पर विशेष जोर मिलता है?,1,पाठ का मूल्य-आधारित संदेश सोचें.,इस पाठ में प्रकृति-सौंदर्य के मानवीय मूल्य पर विशेष जोर मिलता है.,"वर्षा,प्रकृति-सौंदर्य,मानवीय मूल्य",Important,Easy,,
Hindi Lokbharati,2.1,“बरषहिं जलद” का शीर्षक पाठ के आशय से कैसे जुड़ता है?,2,शीर्षक और मुख्य विचार का संबंध बताइए.,शीर्षक वर्षा के माध्यम से पाठ के मुख्य आशय की ओर संकेत करता है और बादलों और वर्षा के माध्यम से प्रकृति की जीवंतता को स्पष्ट करता है.,"वर्षा,शीर्षक,आशय",Important,Easy,,
Hindi Lokbharati,2.1,“बरषहिं जलद” से विद्यार्थियों को क्या सीख मिलती है?,2,व्यावहारिक जीवन से जोड़कर उत्तर दें.,विद्यार्थियों को प्रकृति-सौंदर्य अपनाने और बादलों और वर्षा के माध्यम से प्रकृति की जीवंतता को जीवन में उतारने की सीख मिलती है.,"वर्षा,शिक्षा,प्रकृति-सौंदर्य",Important,Easy,,
Hindi Lokbharati,2.1,“बरषहिं जलद” में लेखक/कवि ने किस दृष्टिकोण को सामने रखा है?,2,लेखक की मूल दृष्टि पहचानें.,"रचनाकार ने वर्षा ऋतु, प्रकृति और जीवन के सौंदर्य का चित्रण को केंद्र में रखकर संवेदनशील और विचारपूर्ण दृष्टिकोण प्रस्तुत किया है.","वर्षा,दृष्टिकोण",Important,Easy,,
Hindi Lokbharati,2.1,“बरषहिं जलद” का संबंध आज के जीवन से कैसे जोड़ा जा सकता है?,2,आजच्या समाजातील उदाहरणाचा विचार करा.,आज के जीवन में भी प्रकृति-सौंदर्य आवश्यक है; इसलिए पाठ का संदेश व्यवहार में उपयोगी है.,"वर्षा,वर्तमान जीवन,संदेश",Important,Easy,,
Hindi Lokbharati,2.1,“बरषहिं जलद” के आधार पर एक वाक्य में पाठ का सार लिखिए।,2,मुख्य विचार को एक वाक्य में समेटें.,"यह रचना वर्षा ऋतु, प्रकृति और जीवन के सौंदर्य का चित्रण के माध्यम से बादलों और वर्षा के माध्यम से प्रकृति की जीवंतता का प्रभावी संदेश देती है.","वर्षा,सारांश",Important,Easy,,
Hindi Lokbharati,2.1,“बरषहिं जलद” में प्रकृति-सौंदर्य का महत्व अपने शब्दों में स्पष्ट कीजिए।,2,मूल्य और पाठ का संबंध बताइए.,प्रकृति-सौंदर्य से व्यक्ति का दृष्टिकोण मजबूत होता है और पाठ में यही मूल्य बादलों और वर्षा के माध्यम से प्रकृति की जीवंतता के रूप में सामने आता है.,"वर्षा,प्रकृति-सौंदर्य,स्पष्टीकरण",Important,Medium,,
Hindi Lokbharati,2.1,“बरषहिं जलद” के प्रमुख विचार को दो बिंदुओं में लिखिए।,2,मुख्य आशय के दो छोटे मुद्दे लिखें.,"१) वर्षा ऋतु, प्रकृति और जीवन के सौंदर्य का चित्रण २) बादलों और वर्षा के माध्यम से प्रकृति की जीवंतता","वर्षा,मुख्य विचार",Important,Medium,,
Hindi Lokbharati,2.1,“बरषहिं जलद” के आधार पर रचनाकार का उद्देश्य स्पष्ट कीजिए।,3,"रचना क्यों लिखी गई होगी, यह सोचें.","रचनाकार का उद्देश्य वर्षा ऋतु, प्रकृति और जीवन के सौंदर्य का चित्रण को प्रभावी ढंग से सामने लाना और पाठक को प्रकृति-सौंदर्य के प्रति जागरूक करना है.","वर्षा,उद्देश्य,प्रकृति-सौंदर्य",Important,Medium,,
Hindi Lokbharati,2.1,“बरषहिं जलद” में व्यक्त विचारों की वर्तमान समाज में उपयोगिता स्पष्ट कीजिए।,3,पाठ का संदेश आजच्या परिस्थितीशी जोडा.,आज भी प्रकृति-सौंदर्य की आवश्यकता है; इसलिए बादलों और वर्षा के माध्यम से प्रकृति की जीवंतता से जुड़ा संदेश सामाजिक और व्यक्तिगत जीवन में उपयोगी है.,"वर्षा,वर्तमान समाज,उपयोगिता",Important,Medium,,
Hindi Lokbharati,2.1,“बरषहिं जलद” के आशय को समझाने के लिए उपयुक्त उदाहरण दीजिए।,3,पाठ के संदेश से मिलता-जुलता जीवन-उदाहरण सोचें.,उदाहरण के रूप में ऐसा प्रसंग लिया जा सकता है जिसमें व्यक्ति प्रकृति-सौंदर्य को अपनाकर बादलों और वर्षा के माध्यम से प्रकृति की जीवंतता को व्यवहार में सिद्ध करता है.,"वर्षा,उदाहरण,प्रकृति-सौंदर्य",Important,Medium,,
Hindi Lokbharati,2.1,“बरषहिं जलद” की भाषा/शैली की एक विशेषता लिखकर उसका प्रभाव बताइए।,3,रचना-विधा के अनुसार शैली का विचार करें.,"रचना की महाकाव्य अंश शैली विषय को सहज और प्रभावी बनाती है तथा वर्षा ऋतु, प्रकृति और जीवन के सौंदर्य का चित्रण को पाठक तक स्पष्ट रूप से पहुँचाती है.","वर्षा,भाषा,शैली",Important,Medium,,
Hindi Lokbharati,2.1,“बरषहिं जलद” का चिकित्सक/शिक्षक/विद्यार्थी/समाजसेवकाच्या दृष्टिकोनातून संदेश स्पष्ट कीजिए।,4,भूमिका बदलूनही मुख्य मूल्य कायम ठेवा.,कोणत्याही सामाजिक भूमिकेतून पाहिले तरी प्रकृति-सौंदर्य महत्त्वाचे आहे; रचना बादलों और वर्षा के माध्यम से प्रकृति की जीवंतताद्वारे जबाबदार आणि संवेदनशील वर्तनाची प्रेरणा देते.,"वर्षा,दृष्टिकोन,प्रकृति-सौंदर्य",Important,Hard,,
Hindi Lokbharati,2.1,“बरषहिं जलद” के मुख्य विचार और उसके सामाजिक प्रभाव में संबंध स्पष्ट कीजिए।,4,मुख्य विचार → व्यक्ति → समाज असा संबंध मांडावा.,"रचनेतील वर्षा ऋतु, प्रकृति और जीवन के सौंदर्य का चित्रण व्यक्तीच्या विचारांना दिशा देते; प्रकृति-सौंदर्य वाढल्यास सामाजिक वर्तन अधिक संवेदनशील होते आणि बादलों और वर्षा के माध्यम से प्रकृति की जीवंतता साध्य होण्यास मदत होते.","वर्षा,सामाजिक प्रभाव",Important,Hard,,
Hindi Lokbharati,2.1,“बरषहिं जलद” के आधार पर “आज के विद्यार्थी के लिए क्या करना चाहिए?” विषय पर संक्षिप्त उत्तर लिखिए।,4,पाठातील मूल्याचे कृतीत रूपांतर करा.,विद्यार्थ्यांनी प्रकृति-सौंदर्य स्वीकारून बादलों और वर्षा के माध्यम से प्रकृति की जीवंतता प्रत्यक्ष कृतीत आणावे आणि पाठातून मिळणारा सकारात्मक संदेश दैनंदिन जीवनात वापरावा.,"वर्षा,विद्यार्थी,कृती,प्रकृति-सौंदर्य",Important,Hard,,
Hindi Lokbharati,2.1,"“बरषहिं जलद” का 4 अंकों के लिए संक्षिप्त विश्लेषण कीजिए—विषय, संदेश, मूल्य और वर्तमान उपयोगिता।",4,चार मुद्दे क्रमाने लिहा.,"विषय: वर्षा ऋतु, प्रकृति और जीवन के सौंदर्य का चित्रण; संदेश: बादलों और वर्षा के माध्यम से प्रकृति की जीवंतता; मूल्य: प्रकृति-सौंदर्य; वर्तमान उपयोगिता: आजच्या जीवनात या विचाराचा प्रत्यक्ष उपयोग होतो.","वर्षा,विश्लेषण,प्रकृति-सौंदर्य,वर्तमान उपयोगिता",Important,Hard,,
Hindi Lokbharati,2.2,“दो लघुकथाएँ (पूरक पठन)” पाठ का मुख्य विषय क्या है?,1,पाठाचा मुख्य विषय लक्षात ठेवा: छोटी घटनाओं से जीवन-मूल्य और मानवीय व्यवहार सामने लाना.,या पाठाचा मुख्य विषय छोटी घटनाओं से जीवन-मूल्य और मानवीय व्यवहार सामने लाना आहे.,"लघुकथा,जीवन-मूल्य",Important,Easy,,
Hindi Lokbharati,2.2,“दो लघुकथाएँ (पूरक पठन)” पाठ से मिलने वाला प्रमुख संदेश क्या है?,1,पाठातील मूल्य किंवा संदेश आठवा: जीवन-मूल्य.,पाठाचा प्रमुख संदेश जीवन-मूल्य या मूल्याला महत्त्व देणे हा आहे.,"लघुकथा,जीवन-मूल्य,संदेश",Important,Easy,,
Hindi Lokbharati,2.2,“दो लघुकथाएँ (पूरक पठन)” की रचना-विधा क्या है?,1,रचना के साहित्यिक प्रकार पर ध्यान दें.,“दो लघुकथाएँ (पूरक पठन)” की रचना-विधा लघुकथा है.,"लघुकथा,लघुकथा",Important,Easy,,
Hindi Lokbharati,2.2,“दो लघुकथाएँ (पूरक पठन)” के रचनाकार कौन हैं?,1,पाठ के लेखक/कवि का नाम याद करें.,“दो लघुकथाएँ (पूरक पठन)” के रचनाकार नरेंद्रकौर छाबड़ा हैं.,"लघुकथा,नरेंद्रकौर छाबड़ा",Important,Easy,,
Hindi Lokbharati,2.2,“दो लघुकथाएँ (पूरक पठन)” में किस मानवीय मूल्य पर विशेष जोर मिलता है?,1,पाठ का मूल्य-आधारित संदेश सोचें.,इस पाठ में जीवन-मूल्य के मानवीय मूल्य पर विशेष जोर मिलता है.,"लघुकथा,जीवन-मूल्य,मानवीय मूल्य",Important,Easy,,
Hindi Lokbharati,2.2,“दो लघुकथाएँ (पूरक पठन)” का शीर्षक पाठ के आशय से कैसे जुड़ता है?,2,शीर्षक और मुख्य विचार का संबंध बताइए.,शीर्षक लघुकथा के माध्यम से पाठ के मुख्य आशय की ओर संकेत करता है और संक्षिप्त कथानक में प्रभावी संदेश देना को स्पष्ट करता है.,"लघुकथा,शीर्षक,आशय",Important,Easy,,
Hindi Lokbharati,2.2,“दो लघुकथाएँ (पूरक पठन)” से विद्यार्थियों को क्या सीख मिलती है?,2,व्यावहारिक जीवन से जोड़कर उत्तर दें.,विद्यार्थियों को जीवन-मूल्य अपनाने और संक्षिप्त कथानक में प्रभावी संदेश देना को जीवन में उतारने की सीख मिलती है.,"लघुकथा,शिक्षा,जीवन-मूल्य",Important,Easy,,
Hindi Lokbharati,2.2,“दो लघुकथाएँ (पूरक पठन)” में लेखक/कवि ने किस दृष्टिकोण को सामने रखा है?,2,लेखक की मूल दृष्टि पहचानें.,रचनाकार ने छोटी घटनाओं से जीवन-मूल्य और मानवीय व्यवहार सामने लाना को केंद्र में रखकर संवेदनशील और विचारपूर्ण दृष्टिकोण प्रस्तुत किया है.,"लघुकथा,दृष्टिकोण",Important,Easy,,
Hindi Lokbharati,2.2,“दो लघुकथाएँ (पूरक पठन)” का संबंध आज के जीवन से कैसे जोड़ा जा सकता है?,2,आजच्या समाजातील उदाहरणाचा विचार करा.,आज के जीवन में भी जीवन-मूल्य आवश्यक है; इसलिए पाठ का संदेश व्यवहार में उपयोगी है.,"लघुकथा,वर्तमान जीवन,संदेश",Important,Easy,,
Hindi Lokbharati,2.2,“दो लघुकथाएँ (पूरक पठन)” के आधार पर एक वाक्य में पाठ का सार लिखिए।,2,मुख्य विचार को एक वाक्य में समेटें.,यह रचना छोटी घटनाओं से जीवन-मूल्य और मानवीय व्यवहार सामने लाना के माध्यम से संक्षिप्त कथानक में प्रभावी संदेश देना का प्रभावी संदेश देती है.,"लघुकथा,सारांश",Important,Easy,,
Hindi Lokbharati,2.2,“दो लघुकथाएँ (पूरक पठन)” में जीवन-मूल्य का महत्व अपने शब्दों में स्पष्ट कीजिए।,2,मूल्य और पाठ का संबंध बताइए.,जीवन-मूल्य से व्यक्ति का दृष्टिकोण मजबूत होता है और पाठ में यही मूल्य संक्षिप्त कथानक में प्रभावी संदेश देना के रूप में सामने आता है.,"लघुकथा,जीवन-मूल्य,स्पष्टीकरण",Important,Medium,,
Hindi Lokbharati,2.2,“दो लघुकथाएँ (पूरक पठन)” के प्रमुख विचार को दो बिंदुओं में लिखिए।,2,मुख्य आशय के दो छोटे मुद्दे लिखें.,१) छोटी घटनाओं से जीवन-मूल्य और मानवीय व्यवहार सामने लाना २) संक्षिप्त कथानक में प्रभावी संदेश देना,"लघुकथा,मुख्य विचार",Important,Medium,,
Hindi Lokbharati,2.2,“दो लघुकथाएँ (पूरक पठन)” के आधार पर रचनाकार का उद्देश्य स्पष्ट कीजिए।,3,"रचना क्यों लिखी गई होगी, यह सोचें.",रचनाकार का उद्देश्य छोटी घटनाओं से जीवन-मूल्य और मानवीय व्यवहार सामने लाना को प्रभावी ढंग से सामने लाना और पाठक को जीवन-मूल्य के प्रति जागरूक करना है.,"लघुकथा,उद्देश्य,जीवन-मूल्य",Important,Medium,,
Hindi Lokbharati,2.2,“दो लघुकथाएँ (पूरक पठन)” में व्यक्त विचारों की वर्तमान समाज में उपयोगिता स्पष्ट कीजिए।,3,पाठ का संदेश आजच्या परिस्थितीशी जोडा.,आज भी जीवन-मूल्य की आवश्यकता है; इसलिए संक्षिप्त कथानक में प्रभावी संदेश देना से जुड़ा संदेश सामाजिक और व्यक्तिगत जीवन में उपयोगी है.,"लघुकथा,वर्तमान समाज,उपयोगिता",Important,Medium,,
Hindi Lokbharati,2.2,“दो लघुकथाएँ (पूरक पठन)” के आशय को समझाने के लिए उपयुक्त उदाहरण दीजिए।,3,पाठ के संदेश से मिलता-जुलता जीवन-उदाहरण सोचें.,उदाहरण के रूप में ऐसा प्रसंग लिया जा सकता है जिसमें व्यक्ति जीवन-मूल्य को अपनाकर संक्षिप्त कथानक में प्रभावी संदेश देना को व्यवहार में सिद्ध करता है.,"लघुकथा,उदाहरण,जीवन-मूल्य",Important,Medium,,
Hindi Lokbharati,2.2,“दो लघुकथाएँ (पूरक पठन)” की भाषा/शैली की एक विशेषता लिखकर उसका प्रभाव बताइए।,3,रचना-विधा के अनुसार शैली का विचार करें.,रचना की लघुकथा शैली विषय को सहज और प्रभावी बनाती है तथा छोटी घटनाओं से जीवन-मूल्य और मानवीय व्यवहार सामने लाना को पाठक तक स्पष्ट रूप से पहुँचाती है.,"लघुकथा,भाषा,शैली",Important,Medium,,
Hindi Lokbharati,2.2,“दो लघुकथाएँ (पूरक पठन)” का चिकित्सक/शिक्षक/विद्यार्थी/समाजसेवकाच्या दृष्टिकोनातून संदेश स्पष्ट कीजिए।,4,भूमिका बदलूनही मुख्य मूल्य कायम ठेवा.,कोणत्याही सामाजिक भूमिकेतून पाहिले तरी जीवन-मूल्य महत्त्वाचे आहे; रचना संक्षिप्त कथानक में प्रभावी संदेश देनाद्वारे जबाबदार आणि संवेदनशील वर्तनाची प्रेरणा देते.,"लघुकथा,दृष्टिकोन,जीवन-मूल्य",Important,Hard,,
Hindi Lokbharati,2.2,“दो लघुकथाएँ (पूरक पठन)” के मुख्य विचार और उसके सामाजिक प्रभाव में संबंध स्पष्ट कीजिए।,4,मुख्य विचार → व्यक्ति → समाज असा संबंध मांडावा.,रचनेतील छोटी घटनाओं से जीवन-मूल्य और मानवीय व्यवहार सामने लाना व्यक्तीच्या विचारांना दिशा देते; जीवन-मूल्य वाढल्यास सामाजिक वर्तन अधिक संवेदनशील होते आणि संक्षिप्त कथानक में प्रभावी संदेश देना साध्य होण्यास मदत होते.,"लघुकथा,सामाजिक प्रभाव",Important,Hard,,
Hindi Lokbharati,2.2,“दो लघुकथाएँ (पूरक पठन)” के आधार पर “आज के विद्यार्थी के लिए क्या करना चाहिए?” विषय पर संक्षिप्त उत्तर लिखिए।,4,पाठातील मूल्याचे कृतीत रूपांतर करा.,विद्यार्थ्यांनी जीवन-मूल्य स्वीकारून संक्षिप्त कथानक में प्रभावी संदेश देना प्रत्यक्ष कृतीत आणावे आणि पाठातून मिळणारा सकारात्मक संदेश दैनंदिन जीवनात वापरावा.,"लघुकथा,विद्यार्थी,कृती,जीवन-मूल्य",Important,Hard,,
Hindi Lokbharati,2.2,"“दो लघुकथाएँ (पूरक पठन)” का 4 अंकों के लिए संक्षिप्त विश्लेषण कीजिए—विषय, संदेश, मूल्य और वर्तमान उपयोगिता।",4,चार मुद्दे क्रमाने लिहा.,विषय: छोटी घटनाओं से जीवन-मूल्य और मानवीय व्यवहार सामने लाना; संदेश: संक्षिप्त कथानक में प्रभावी संदेश देना; मूल्य: जीवन-मूल्य; वर्तमान उपयोगिता: आजच्या जीवनात या विचाराचा प्रत्यक्ष उपयोग होतो.,"लघुकथा,विश्लेषण,जीवन-मूल्य,वर्तमान उपयोगिता",Important,Hard,,
Hindi Lokbharati,2.3,“श्रम साधना” पाठ का मुख्य विषय क्या है?,1,"पाठाचा मुख्य विषय लक्षात ठेवा: श्रम, अनुशासन और निरंतर प्रयास का महत्व.","या पाठाचा मुख्य विषय श्रम, अनुशासन और निरंतर प्रयास का महत्व आहे.","श्रम,परिश्रम",Important,Easy,,
Hindi Lokbharati,2.3,“श्रम साधना” पाठ से मिलने वाला प्रमुख संदेश क्या है?,1,पाठातील मूल्य किंवा संदेश आठवा: परिश्रम.,पाठाचा प्रमुख संदेश परिश्रम या मूल्याला महत्त्व देणे हा आहे.,"श्रम,परिश्रम,संदेश",Important,Easy,,
Hindi Lokbharati,2.3,“श्रम साधना” की रचना-विधा क्या है?,1,रचना के साहित्यिक प्रकार पर ध्यान दें.,“श्रम साधना” की रचना-विधा वैचारिक निबंध है.,"श्रम,वैचारिक निबंध",Important,Easy,,
Hindi Lokbharati,2.3,“श्रम साधना” के रचनाकार कौन हैं?,1,पाठ के लेखक/कवि का नाम याद करें.,“श्रम साधना” के रचनाकार श्रीकृष्णदास जाजू हैं.,"श्रम,श्रीकृष्णदास जाजू",Important,Easy,,
Hindi Lokbharati,2.3,“श्रम साधना” में किस मानवीय मूल्य पर विशेष जोर मिलता है?,1,पाठ का मूल्य-आधारित संदेश सोचें.,इस पाठ में परिश्रम के मानवीय मूल्य पर विशेष जोर मिलता है.,"श्रम,परिश्रम,मानवीय मूल्य",Important,Easy,,
Hindi Lokbharati,2.3,“श्रम साधना” का शीर्षक पाठ के आशय से कैसे जुड़ता है?,2,शीर्षक और मुख्य विचार का संबंध बताइए.,शीर्षक श्रम के माध्यम से पाठ के मुख्य आशय की ओर संकेत करता है और सफलता के लिए ईमानदार श्रम और साधना की आवश्यकता को स्पष्ट करता है.,"श्रम,शीर्षक,आशय",Important,Easy,,
Hindi Lokbharati,2.3,“श्रम साधना” से विद्यार्थियों को क्या सीख मिलती है?,2,व्यावहारिक जीवन से जोड़कर उत्तर दें.,विद्यार्थियों को परिश्रम अपनाने और सफलता के लिए ईमानदार श्रम और साधना की आवश्यकता को जीवन में उतारने की सीख मिलती है.,"श्रम,शिक्षा,परिश्रम",Important,Easy,,
Hindi Lokbharati,2.3,“श्रम साधना” में लेखक/कवि ने किस दृष्टिकोण को सामने रखा है?,2,लेखक की मूल दृष्टि पहचानें.,"रचनाकार ने श्रम, अनुशासन और निरंतर प्रयास का महत्व को केंद्र में रखकर संवेदनशील और विचारपूर्ण दृष्टिकोण प्रस्तुत किया है.","श्रम,दृष्टिकोण",Important,Easy,,
Hindi Lokbharati,2.3,“श्रम साधना” का संबंध आज के जीवन से कैसे जोड़ा जा सकता है?,2,आजच्या समाजातील उदाहरणाचा विचार करा.,आज के जीवन में भी परिश्रम आवश्यक है; इसलिए पाठ का संदेश व्यवहार में उपयोगी है.,"श्रम,वर्तमान जीवन,संदेश",Important,Easy,,
Hindi Lokbharati,2.3,“श्रम साधना” के आधार पर एक वाक्य में पाठ का सार लिखिए।,2,मुख्य विचार को एक वाक्य में समेटें.,"यह रचना श्रम, अनुशासन और निरंतर प्रयास का महत्व के माध्यम से सफलता के लिए ईमानदार श्रम और साधना की आवश्यकता का प्रभावी संदेश देती है.","श्रम,सारांश",Important,Easy,,
Hindi Lokbharati,2.3,“श्रम साधना” में परिश्रम का महत्व अपने शब्दों में स्पष्ट कीजिए।,2,मूल्य और पाठ का संबंध बताइए.,परिश्रम से व्यक्ति का दृष्टिकोण मजबूत होता है और पाठ में यही मूल्य सफलता के लिए ईमानदार श्रम और साधना की आवश्यकता के रूप में सामने आता है.,"श्रम,परिश्रम,स्पष्टीकरण",Important,Medium,,
Hindi Lokbharati,2.3,“श्रम साधना” के प्रमुख विचार को दो बिंदुओं में लिखिए।,2,मुख्य आशय के दो छोटे मुद्दे लिखें.,"१) श्रम, अनुशासन और निरंतर प्रयास का महत्व २) सफलता के लिए ईमानदार श्रम और साधना की आवश्यकता","श्रम,मुख्य विचार",Important,Medium,,
Hindi Lokbharati,2.3,“श्रम साधना” के आधार पर रचनाकार का उद्देश्य स्पष्ट कीजिए।,3,"रचना क्यों लिखी गई होगी, यह सोचें.","रचनाकार का उद्देश्य श्रम, अनुशासन और निरंतर प्रयास का महत्व को प्रभावी ढंग से सामने लाना और पाठक को परिश्रम के प्रति जागरूक करना है.","श्रम,उद्देश्य,परिश्रम",Important,Medium,,
Hindi Lokbharati,2.3,“श्रम साधना” में व्यक्त विचारों की वर्तमान समाज में उपयोगिता स्पष्ट कीजिए।,3,पाठ का संदेश आजच्या परिस्थितीशी जोडा.,आज भी परिश्रम की आवश्यकता है; इसलिए सफलता के लिए ईमानदार श्रम और साधना की आवश्यकता से जुड़ा संदेश सामाजिक और व्यक्तिगत जीवन में उपयोगी है.,"श्रम,वर्तमान समाज,उपयोगिता",Important,Medium,,
Hindi Lokbharati,2.3,“श्रम साधना” के आशय को समझाने के लिए उपयुक्त उदाहरण दीजिए।,3,पाठ के संदेश से मिलता-जुलता जीवन-उदाहरण सोचें.,उदाहरण के रूप में ऐसा प्रसंग लिया जा सकता है जिसमें व्यक्ति परिश्रम को अपनाकर सफलता के लिए ईमानदार श्रम और साधना की आवश्यकता को व्यवहार में सिद्ध करता है.,"श्रम,उदाहरण,परिश्रम",Important,Medium,,
Hindi Lokbharati,2.3,“श्रम साधना” की भाषा/शैली की एक विशेषता लिखकर उसका प्रभाव बताइए।,3,रचना-विधा के अनुसार शैली का विचार करें.,"रचना की वैचारिक निबंध शैली विषय को सहज और प्रभावी बनाती है तथा श्रम, अनुशासन और निरंतर प्रयास का महत्व को पाठक तक स्पष्ट रूप से पहुँचाती है.","श्रम,भाषा,शैली",Important,Medium,,
Hindi Lokbharati,2.3,“श्रम साधना” का चिकित्सक/शिक्षक/विद्यार्थी/समाजसेवकाच्या दृष्टिकोनातून संदेश स्पष्ट कीजिए।,4,भूमिका बदलूनही मुख्य मूल्य कायम ठेवा.,कोणत्याही सामाजिक भूमिकेतून पाहिले तरी परिश्रम महत्त्वाचे आहे; रचना सफलता के लिए ईमानदार श्रम और साधना की आवश्यकताद्वारे जबाबदार आणि संवेदनशील वर्तनाची प्रेरणा देते.,"श्रम,दृष्टिकोन,परिश्रम",Important,Hard,,
Hindi Lokbharati,2.3,“श्रम साधना” के मुख्य विचार और उसके सामाजिक प्रभाव में संबंध स्पष्ट कीजिए।,4,मुख्य विचार → व्यक्ति → समाज असा संबंध मांडावा.,"रचनेतील श्रम, अनुशासन और निरंतर प्रयास का महत्व व्यक्तीच्या विचारांना दिशा देते; परिश्रम वाढल्यास सामाजिक वर्तन अधिक संवेदनशील होते आणि सफलता के लिए ईमानदार श्रम और साधना की आवश्यकता साध्य होण्यास मदत होते.","श्रम,सामाजिक प्रभाव",Important,Hard,,
Hindi Lokbharati,2.3,“श्रम साधना” के आधार पर “आज के विद्यार्थी के लिए क्या करना चाहिए?” विषय पर संक्षिप्त उत्तर लिखिए।,4,पाठातील मूल्याचे कृतीत रूपांतर करा.,विद्यार्थ्यांनी परिश्रम स्वीकारून सफलता के लिए ईमानदार श्रम और साधना की आवश्यकता प्रत्यक्ष कृतीत आणावे आणि पाठातून मिळणारा सकारात्मक संदेश दैनंदिन जीवनात वापरावा.,"श्रम,विद्यार्थी,कृती,परिश्रम",Important,Hard,,
Hindi Lokbharati,2.3,"“श्रम साधना” का 4 अंकों के लिए संक्षिप्त विश्लेषण कीजिए—विषय, संदेश, मूल्य और वर्तमान उपयोगिता।",4,चार मुद्दे क्रमाने लिहा.,"विषय: श्रम, अनुशासन और निरंतर प्रयास का महत्व; संदेश: सफलता के लिए ईमानदार श्रम और साधना की आवश्यकता; मूल्य: परिश्रम; वर्तमान उपयोगिता: आजच्या जीवनात या विचाराचा प्रत्यक्ष उपयोग होतो.","श्रम,विश्लेषण,परिश्रम,वर्तमान उपयोगिता",Important,Hard,,
Hindi Lokbharati,2.4,“छापा” पाठ का मुख्य विषय क्या है?,1,पाठाचा मुख्य विषय लक्षात ठेवा: सामाजिक व्यवहार और दिखावे पर हास्यपूर्ण व्यंग्य.,या पाठाचा मुख्य विषय सामाजिक व्यवहार और दिखावे पर हास्यपूर्ण व्यंग्य आहे.,"छापा,विवेकपूर्ण व्यवहार",Important,Easy,,
Hindi Lokbharati,2.4,“छापा” पाठ से मिलने वाला प्रमुख संदेश क्या है?,1,पाठातील मूल्य किंवा संदेश आठवा: विवेकपूर्ण व्यवहार.,पाठाचा प्रमुख संदेश विवेकपूर्ण व्यवहार या मूल्याला महत्त्व देणे हा आहे.,"छापा,विवेकपूर्ण व्यवहार,संदेश",Important,Easy,,
Hindi Lokbharati,2.4,“छापा” की रचना-विधा क्या है?,1,रचना के साहित्यिक प्रकार पर ध्यान दें.,“छापा” की रचना-विधा हास्य-व्यंग्य कविता है.,"छापा,हास्य-व्यंग्य कविता",Important,Easy,,
Hindi Lokbharati,2.4,“छापा” के रचनाकार कौन हैं?,1,पाठ के लेखक/कवि का नाम याद करें.,“छापा” के रचनाकार ओमप्रकाश ‘आदित्य’ हैं.,"छापा,ओमप्रकाश ‘आदित्य’",Important,Easy,,
Hindi Lokbharati,2.4,“छापा” में किस मानवीय मूल्य पर विशेष जोर मिलता है?,1,पाठ का मूल्य-आधारित संदेश सोचें.,इस पाठ में विवेकपूर्ण व्यवहार के मानवीय मूल्य पर विशेष जोर मिलता है.,"छापा,विवेकपूर्ण व्यवहार,मानवीय मूल्य",Important,Easy,,
Hindi Lokbharati,2.4,“छापा” का शीर्षक पाठ के आशय से कैसे जुड़ता है?,2,शीर्षक और मुख्य विचार का संबंध बताइए.,शीर्षक छापा के माध्यम से पाठ के मुख्य आशय की ओर संकेत करता है और हँसी के माध्यम से सामाजिक प्रवृत्तियों की विसंगतियाँ दिखाना को स्पष्ट करता है.,"छापा,शीर्षक,आशय",Important,Easy,,
Hindi Lokbharati,2.4,“छापा” से विद्यार्थियों को क्या सीख मिलती है?,2,व्यावहारिक जीवन से जोड़कर उत्तर दें.,विद्यार्थियों को विवेकपूर्ण व्यवहार अपनाने और हँसी के माध्यम से सामाजिक प्रवृत्तियों की विसंगतियाँ दिखाना को जीवन में उतारने की सीख मिलती है.,"छापा,शिक्षा,विवेकपूर्ण व्यवहार",Important,Easy,,
Hindi Lokbharati,2.4,“छापा” में लेखक/कवि ने किस दृष्टिकोण को सामने रखा है?,2,लेखक की मूल दृष्टि पहचानें.,रचनाकार ने सामाजिक व्यवहार और दिखावे पर हास्यपूर्ण व्यंग्य को केंद्र में रखकर संवेदनशील और विचारपूर्ण दृष्टिकोण प्रस्तुत किया है.,"छापा,दृष्टिकोण",Important,Easy,,
Hindi Lokbharati,2.4,“छापा” का संबंध आज के जीवन से कैसे जोड़ा जा सकता है?,2,आजच्या समाजातील उदाहरणाचा विचार करा.,आज के जीवन में भी विवेकपूर्ण व्यवहार आवश्यक है; इसलिए पाठ का संदेश व्यवहार में उपयोगी है.,"छापा,वर्तमान जीवन,संदेश",Important,Easy,,
Hindi Lokbharati,2.4,“छापा” के आधार पर एक वाक्य में पाठ का सार लिखिए।,2,मुख्य विचार को एक वाक्य में समेटें.,यह रचना सामाजिक व्यवहार और दिखावे पर हास्यपूर्ण व्यंग्य के माध्यम से हँसी के माध्यम से सामाजिक प्रवृत्तियों की विसंगतियाँ दिखाना का प्रभावी संदेश देती है.,"छापा,सारांश",Important,Easy,,
Hindi Lokbharati,2.4,“छापा” में विवेकपूर्ण व्यवहार का महत्व अपने शब्दों में स्पष्ट कीजिए।,2,मूल्य और पाठ का संबंध बताइए.,विवेकपूर्ण व्यवहार से व्यक्ति का दृष्टिकोण मजबूत होता है और पाठ में यही मूल्य हँसी के माध्यम से सामाजिक प्रवृत्तियों की विसंगतियाँ दिखाना के रूप में सामने आता है.,"छापा,विवेकपूर्ण व्यवहार,स्पष्टीकरण",Important,Medium,,
Hindi Lokbharati,2.4,“छापा” के प्रमुख विचार को दो बिंदुओं में लिखिए।,2,मुख्य आशय के दो छोटे मुद्दे लिखें.,१) सामाजिक व्यवहार और दिखावे पर हास्यपूर्ण व्यंग्य २) हँसी के माध्यम से सामाजिक प्रवृत्तियों की विसंगतियाँ दिखाना,"छापा,मुख्य विचार",Important,Medium,,
Hindi Lokbharati,2.4,“छापा” के आधार पर रचनाकार का उद्देश्य स्पष्ट कीजिए।,3,"रचना क्यों लिखी गई होगी, यह सोचें.",रचनाकार का उद्देश्य सामाजिक व्यवहार और दिखावे पर हास्यपूर्ण व्यंग्य को प्रभावी ढंग से सामने लाना और पाठक को विवेकपूर्ण व्यवहार के प्रति जागरूक करना है.,"छापा,उद्देश्य,विवेकपूर्ण व्यवहार",Important,Medium,,
Hindi Lokbharati,2.4,“छापा” में व्यक्त विचारों की वर्तमान समाज में उपयोगिता स्पष्ट कीजिए।,3,पाठ का संदेश आजच्या परिस्थितीशी जोडा.,आज भी विवेकपूर्ण व्यवहार की आवश्यकता है; इसलिए हँसी के माध्यम से सामाजिक प्रवृत्तियों की विसंगतियाँ दिखाना से जुड़ा संदेश सामाजिक और व्यक्तिगत जीवन में उपयोगी है.,"छापा,वर्तमान समाज,उपयोगिता",Important,Medium,,
Hindi Lokbharati,2.4,“छापा” के आशय को समझाने के लिए उपयुक्त उदाहरण दीजिए।,3,पाठ के संदेश से मिलता-जुलता जीवन-उदाहरण सोचें.,उदाहरण के रूप में ऐसा प्रसंग लिया जा सकता है जिसमें व्यक्ति विवेकपूर्ण व्यवहार को अपनाकर हँसी के माध्यम से सामाजिक प्रवृत्तियों की विसंगतियाँ दिखाना को व्यवहार में सिद्ध करता है.,"छापा,उदाहरण,विवेकपूर्ण व्यवहार",Important,Medium,,
Hindi Lokbharati,2.4,“छापा” की भाषा/शैली की एक विशेषता लिखकर उसका प्रभाव बताइए।,3,रचना-विधा के अनुसार शैली का विचार करें.,रचना की हास्य-व्यंग्य कविता शैली विषय को सहज और प्रभावी बनाती है तथा सामाजिक व्यवहार और दिखावे पर हास्यपूर्ण व्यंग्य को पाठक तक स्पष्ट रूप से पहुँचाती है.,"छापा,भाषा,शैली",Important,Medium,,
Hindi Lokbharati,2.4,“छापा” का चिकित्सक/शिक्षक/विद्यार्थी/समाजसेवकाच्या दृष्टिकोनातून संदेश स्पष्ट कीजिए।,4,भूमिका बदलूनही मुख्य मूल्य कायम ठेवा.,कोणत्याही सामाजिक भूमिकेतून पाहिले तरी विवेकपूर्ण व्यवहार महत्त्वाचे आहे; रचना हँसी के माध्यम से सामाजिक प्रवृत्तियों की विसंगतियाँ दिखानाद्वारे जबाबदार आणि संवेदनशील वर्तनाची प्रेरणा देते.,"छापा,दृष्टिकोन,विवेकपूर्ण व्यवहार",Important,Hard,,
Hindi Lokbharati,2.4,“छापा” के मुख्य विचार और उसके सामाजिक प्रभाव में संबंध स्पष्ट कीजिए।,4,मुख्य विचार → व्यक्ति → समाज असा संबंध मांडावा.,रचनेतील सामाजिक व्यवहार और दिखावे पर हास्यपूर्ण व्यंग्य व्यक्तीच्या विचारांना दिशा देते; विवेकपूर्ण व्यवहार वाढल्यास सामाजिक वर्तन अधिक संवेदनशील होते आणि हँसी के माध्यम से सामाजिक प्रवृत्तियों की विसंगतियाँ दिखाना साध्य होण्यास मदत होते.,"छापा,सामाजिक प्रभाव",Important,Hard,,
Hindi Lokbharati,2.4,“छापा” के आधार पर “आज के विद्यार्थी के लिए क्या करना चाहिए?” विषय पर संक्षिप्त उत्तर लिखिए।,4,पाठातील मूल्याचे कृतीत रूपांतर करा.,विद्यार्थ्यांनी विवेकपूर्ण व्यवहार स्वीकारून हँसी के माध्यम से सामाजिक प्रवृत्तियों की विसंगतियाँ दिखाना प्रत्यक्ष कृतीत आणावे आणि पाठातून मिळणारा सकारात्मक संदेश दैनंदिन जीवनात वापरावा.,"छापा,विद्यार्थी,कृती,विवेकपूर्ण व्यवहार",Important,Hard,,
Hindi Lokbharati,2.4,"“छापा” का 4 अंकों के लिए संक्षिप्त विश्लेषण कीजिए—विषय, संदेश, मूल्य और वर्तमान उपयोगिता।",4,चार मुद्दे क्रमाने लिहा.,विषय: सामाजिक व्यवहार और दिखावे पर हास्यपूर्ण व्यंग्य; संदेश: हँसी के माध्यम से सामाजिक प्रवृत्तियों की विसंगतियाँ दिखाना; मूल्य: विवेकपूर्ण व्यवहार; वर्तमान उपयोगिता: आजच्या जीवनात या विचाराचा प्रत्यक्ष उपयोग होतो.,"छापा,विश्लेषण,विवेकपूर्ण व्यवहार,वर्तमान उपयोगिता",Important,Hard,,
Hindi Lokbharati,2.5,“ईमानदारी की प्रतिमूर्ति” पाठ का मुख्य विषय क्या है?,1,"पाठाचा मुख्य विषय लक्षात ठेवा: ईमानदारी, आदर्श और चरित्र की शक्ति.","या पाठाचा मुख्य विषय ईमानदारी, आदर्श और चरित्र की शक्ति आहे.","आदर्श व्यक्तित्व,ईमानदारी",Important,Easy,,
Hindi Lokbharati,2.5,“ईमानदारी की प्रतिमूर्ति” पाठ से मिलने वाला प्रमुख संदेश क्या है?,1,पाठातील मूल्य किंवा संदेश आठवा: ईमानदारी.,पाठाचा प्रमुख संदेश ईमानदारी या मूल्याला महत्त्व देणे हा आहे.,"आदर्श व्यक्तित्व,ईमानदारी,संदेश",Important,Easy,,
Hindi Lokbharati,2.5,“ईमानदारी की प्रतिमूर्ति” की रचना-विधा क्या है?,1,रचना के साहित्यिक प्रकार पर ध्यान दें.,“ईमानदारी की प्रतिमूर्ति” की रचना-विधा संस्मरण है.,"आदर्श व्यक्तित्व,संस्मरण",Important,Easy,,
Hindi Lokbharati,2.5,“ईमानदारी की प्रतिमूर्ति” के रचनाकार कौन हैं?,1,पाठ के लेखक/कवि का नाम याद करें.,“ईमानदारी की प्रतिमूर्ति” के रचनाकार सुनील शास्त्री हैं.,"आदर्श व्यक्तित्व,सुनील शास्त्री",Important,Easy,,
Hindi Lokbharati,2.5,“ईमानदारी की प्रतिमूर्ति” में किस मानवीय मूल्य पर विशेष जोर मिलता है?,1,पाठ का मूल्य-आधारित संदेश सोचें.,इस पाठ में ईमानदारी के मानवीय मूल्य पर विशेष जोर मिलता है.,"आदर्श व्यक्तित्व,ईमानदारी,मानवीय मूल्य",Important,Easy,,
Hindi Lokbharati,2.5,“ईमानदारी की प्रतिमूर्ति” का शीर्षक पाठ के आशय से कैसे जुड़ता है?,2,शीर्षक और मुख्य विचार का संबंध बताइए.,शीर्षक आदर्श व्यक्तित्व के माध्यम से पाठ के मुख्य आशय की ओर संकेत करता है और एक आदर्श व्यक्तित्व के जीवन से सत्यनिष्ठा की प्रेरणा को स्पष्ट करता है.,"आदर्श व्यक्तित्व,शीर्षक,आशय",Important,Easy,,
Hindi Lokbharati,2.5,“ईमानदारी की प्रतिमूर्ति” से विद्यार्थियों को क्या सीख मिलती है?,2,व्यावहारिक जीवन से जोड़कर उत्तर दें.,विद्यार्थियों को ईमानदारी अपनाने और एक आदर्श व्यक्तित्व के जीवन से सत्यनिष्ठा की प्रेरणा को जीवन में उतारने की सीख मिलती है.,"आदर्श व्यक्तित्व,शिक्षा,ईमानदारी",Important,Easy,,
Hindi Lokbharati,2.5,“ईमानदारी की प्रतिमूर्ति” में लेखक/कवि ने किस दृष्टिकोण को सामने रखा है?,2,लेखक की मूल दृष्टि पहचानें.,"रचनाकार ने ईमानदारी, आदर्श और चरित्र की शक्ति को केंद्र में रखकर संवेदनशील और विचारपूर्ण दृष्टिकोण प्रस्तुत किया है.","आदर्श व्यक्तित्व,दृष्टिकोण",Important,Easy,,
Hindi Lokbharati,2.5,“ईमानदारी की प्रतिमूर्ति” का संबंध आज के जीवन से कैसे जोड़ा जा सकता है?,2,आजच्या समाजातील उदाहरणाचा विचार करा.,आज के जीवन में भी ईमानदारी आवश्यक है; इसलिए पाठ का संदेश व्यवहार में उपयोगी है.,"आदर्श व्यक्तित्व,वर्तमान जीवन,संदेश",Important,Easy,,
Hindi Lokbharati,2.5,“ईमानदारी की प्रतिमूर्ति” के आधार पर एक वाक्य में पाठ का सार लिखिए।,2,मुख्य विचार को एक वाक्य में समेटें.,"यह रचना ईमानदारी, आदर्श और चरित्र की शक्ति के माध्यम से एक आदर्श व्यक्तित्व के जीवन से सत्यनिष्ठा की प्रेरणा का प्रभावी संदेश देती है.","आदर्श व्यक्तित्व,सारांश",Important,Easy,,
Hindi Lokbharati,2.5,“ईमानदारी की प्रतिमूर्ति” में ईमानदारी का महत्व अपने शब्दों में स्पष्ट कीजिए।,2,मूल्य और पाठ का संबंध बताइए.,ईमानदारी से व्यक्ति का दृष्टिकोण मजबूत होता है और पाठ में यही मूल्य एक आदर्श व्यक्तित्व के जीवन से सत्यनिष्ठा की प्रेरणा के रूप में सामने आता है.,"आदर्श व्यक्तित्व,ईमानदारी,स्पष्टीकरण",Important,Medium,,
Hindi Lokbharati,2.5,“ईमानदारी की प्रतिमूर्ति” के प्रमुख विचार को दो बिंदुओं में लिखिए।,2,मुख्य आशय के दो छोटे मुद्दे लिखें.,"१) ईमानदारी, आदर्श और चरित्र की शक्ति २) एक आदर्श व्यक्तित्व के जीवन से सत्यनिष्ठा की प्रेरणा","आदर्श व्यक्तित्व,मुख्य विचार",Important,Medium,,
Hindi Lokbharati,2.5,“ईमानदारी की प्रतिमूर्ति” के आधार पर रचनाकार का उद्देश्य स्पष्ट कीजिए।,3,"रचना क्यों लिखी गई होगी, यह सोचें.","रचनाकार का उद्देश्य ईमानदारी, आदर्श और चरित्र की शक्ति को प्रभावी ढंग से सामने लाना और पाठक को ईमानदारी के प्रति जागरूक करना है.","आदर्श व्यक्तित्व,उद्देश्य,ईमानदारी",Important,Medium,,
Hindi Lokbharati,2.5,“ईमानदारी की प्रतिमूर्ति” में व्यक्त विचारों की वर्तमान समाज में उपयोगिता स्पष्ट कीजिए।,3,पाठ का संदेश आजच्या परिस्थितीशी जोडा.,आज भी ईमानदारी की आवश्यकता है; इसलिए एक आदर्श व्यक्तित्व के जीवन से सत्यनिष्ठा की प्रेरणा से जुड़ा संदेश सामाजिक और व्यक्तिगत जीवन में उपयोगी है.,"आदर्श व्यक्तित्व,वर्तमान समाज,उपयोगिता",Important,Medium,,
Hindi Lokbharati,2.5,“ईमानदारी की प्रतिमूर्ति” के आशय को समझाने के लिए उपयुक्त उदाहरण दीजिए।,3,पाठ के संदेश से मिलता-जुलता जीवन-उदाहरण सोचें.,उदाहरण के रूप में ऐसा प्रसंग लिया जा सकता है जिसमें व्यक्ति ईमानदारी को अपनाकर एक आदर्श व्यक्तित्व के जीवन से सत्यनिष्ठा की प्रेरणा को व्यवहार में सिद्ध करता है.,"आदर्श व्यक्तित्व,उदाहरण,ईमानदारी",Important,Medium,,
Hindi Lokbharati,2.5,“ईमानदारी की प्रतिमूर्ति” की भाषा/शैली की एक विशेषता लिखकर उसका प्रभाव बताइए।,3,रचना-विधा के अनुसार शैली का विचार करें.,"रचना की संस्मरण शैली विषय को सहज और प्रभावी बनाती है तथा ईमानदारी, आदर्श और चरित्र की शक्ति को पाठक तक स्पष्ट रूप से पहुँचाती है.","आदर्श व्यक्तित्व,भाषा,शैली",Important,Medium,,
Hindi Lokbharati,2.5,“ईमानदारी की प्रतिमूर्ति” का चिकित्सक/शिक्षक/विद्यार्थी/समाजसेवकाच्या दृष्टिकोनातून संदेश स्पष्ट कीजिए।,4,भूमिका बदलूनही मुख्य मूल्य कायम ठेवा.,कोणत्याही सामाजिक भूमिकेतून पाहिले तरी ईमानदारी महत्त्वाचे आहे; रचना एक आदर्श व्यक्तित्व के जीवन से सत्यनिष्ठा की प्रेरणाद्वारे जबाबदार आणि संवेदनशील वर्तनाची प्रेरणा देते.,"आदर्श व्यक्तित्व,दृष्टिकोन,ईमानदारी",Important,Hard,,
Hindi Lokbharati,2.5,“ईमानदारी की प्रतिमूर्ति” के मुख्य विचार और उसके सामाजिक प्रभाव में संबंध स्पष्ट कीजिए।,4,मुख्य विचार → व्यक्ति → समाज असा संबंध मांडावा.,"रचनेतील ईमानदारी, आदर्श और चरित्र की शक्ति व्यक्तीच्या विचारांना दिशा देते; ईमानदारी वाढल्यास सामाजिक वर्तन अधिक संवेदनशील होते आणि एक आदर्श व्यक्तित्व के जीवन से सत्यनिष्ठा की प्रेरणा साध्य होण्यास मदत होते.","आदर्श व्यक्तित्व,सामाजिक प्रभाव",Important,Hard,,
Hindi Lokbharati,2.5,“ईमानदारी की प्रतिमूर्ति” के आधार पर “आज के विद्यार्थी के लिए क्या करना चाहिए?” विषय पर संक्षिप्त उत्तर लिखिए।,4,पाठातील मूल्याचे कृतीत रूपांतर करा.,विद्यार्थ्यांनी ईमानदारी स्वीकारून एक आदर्श व्यक्तित्व के जीवन से सत्यनिष्ठा की प्रेरणा प्रत्यक्ष कृतीत आणावे आणि पाठातून मिळणारा सकारात्मक संदेश दैनंदिन जीवनात वापरावा.,"आदर्श व्यक्तित्व,विद्यार्थी,कृती,ईमानदारी",Important,Hard,,
Hindi Lokbharati,2.5,"“ईमानदारी की प्रतिमूर्ति” का 4 अंकों के लिए संक्षिप्त विश्लेषण कीजिए—विषय, संदेश, मूल्य और वर्तमान उपयोगिता।",4,चार मुद्दे क्रमाने लिहा.,"विषय: ईमानदारी, आदर्श और चरित्र की शक्ति; संदेश: एक आदर्श व्यक्तित्व के जीवन से सत्यनिष्ठा की प्रेरणा; मूल्य: ईमानदारी; वर्तमान उपयोगिता: आजच्या जीवनात या विचाराचा प्रत्यक्ष उपयोग होतो.","आदर्श व्यक्तित्व,विश्लेषण,ईमानदारी,वर्तमान उपयोगिता",Important,Hard,,
Hindi Lokbharati,2.6,“हम इस धरती की संतति हैं (पूरक पठन)” पाठ का मुख्य विषय क्या है?,1,"पाठाचा मुख्य विषय लक्षात ठेवा: मानव एकता, धरती से संबंध और सामूहिक जिम्मेदारी.","या पाठाचा मुख्य विषय मानव एकता, धरती से संबंध और सामूहिक जिम्मेदारी आहे.","धरती,एकता",Important,Easy,,
Hindi Lokbharati,2.6,“हम इस धरती की संतति हैं (पूरक पठन)” पाठ से मिलने वाला प्रमुख संदेश क्या है?,1,पाठातील मूल्य किंवा संदेश आठवा: एकता.,पाठाचा प्रमुख संदेश एकता या मूल्याला महत्त्व देणे हा आहे.,"धरती,एकता,संदेश",Important,Easy,,
Hindi Lokbharati,2.6,“हम इस धरती की संतति हैं (पूरक पठन)” की रचना-विधा क्या है?,1,रचना के साहित्यिक प्रकार पर ध्यान दें.,“हम इस धरती की संतति हैं (पूरक पठन)” की रचना-विधा कव्वाली है.,"धरती,कव्वाली",Important,Easy,,
Hindi Lokbharati,2.6,“हम इस धरती की संतति हैं (पूरक पठन)” के रचनाकार कौन हैं?,1,पाठ के लेखक/कवि का नाम याद करें.,“हम इस धरती की संतति हैं (पूरक पठन)” के रचनाकार उमाकांत मालवीय हैं.,"धरती,उमाकांत मालवीय",Important,Easy,,
Hindi Lokbharati,2.6,“हम इस धरती की संतति हैं (पूरक पठन)” में किस मानवीय मूल्य पर विशेष जोर मिलता है?,1,पाठ का मूल्य-आधारित संदेश सोचें.,इस पाठ में एकता के मानवीय मूल्य पर विशेष जोर मिलता है.,"धरती,एकता,मानवीय मूल्य",Important,Easy,,
Hindi Lokbharati,2.6,“हम इस धरती की संतति हैं (पूरक पठन)” का शीर्षक पाठ के आशय से कैसे जुड़ता है?,2,शीर्षक और मुख्य विचार का संबंध बताइए.,शीर्षक धरती के माध्यम से पाठ के मुख्य आशय की ओर संकेत करता है और सभी मनुष्यों को एक धरती के परिवार के रूप में देखने की भावना को स्पष्ट करता है.,"धरती,शीर्षक,आशय",Important,Easy,,
Hindi Lokbharati,2.6,“हम इस धरती की संतति हैं (पूरक पठन)” से विद्यार्थियों को क्या सीख मिलती है?,2,व्यावहारिक जीवन से जोड़कर उत्तर दें.,विद्यार्थियों को एकता अपनाने और सभी मनुष्यों को एक धरती के परिवार के रूप में देखने की भावना को जीवन में उतारने की सीख मिलती है.,"धरती,शिक्षा,एकता",Important,Easy,,
Hindi Lokbharati,2.6,“हम इस धरती की संतति हैं (पूरक पठन)” में लेखक/कवि ने किस दृष्टिकोण को सामने रखा है?,2,लेखक की मूल दृष्टि पहचानें.,"रचनाकार ने मानव एकता, धरती से संबंध और सामूहिक जिम्मेदारी को केंद्र में रखकर संवेदनशील और विचारपूर्ण दृष्टिकोण प्रस्तुत किया है.","धरती,दृष्टिकोण",Important,Easy,,
Hindi Lokbharati,2.6,“हम इस धरती की संतति हैं (पूरक पठन)” का संबंध आज के जीवन से कैसे जोड़ा जा सकता है?,2,आजच्या समाजातील उदाहरणाचा विचार करा.,आज के जीवन में भी एकता आवश्यक है; इसलिए पाठ का संदेश व्यवहार में उपयोगी है.,"धरती,वर्तमान जीवन,संदेश",Important,Easy,,
Hindi Lokbharati,2.6,“हम इस धरती की संतति हैं (पूरक पठन)” के आधार पर एक वाक्य में पाठ का सार लिखिए।,2,मुख्य विचार को एक वाक्य में समेटें.,"यह रचना मानव एकता, धरती से संबंध और सामूहिक जिम्मेदारी के माध्यम से सभी मनुष्यों को एक धरती के परिवार के रूप में देखने की भावना का प्रभावी संदेश देती है.","धरती,सारांश",Important,Easy,,
Hindi Lokbharati,2.6,“हम इस धरती की संतति हैं (पूरक पठन)” में एकता का महत्व अपने शब्दों में स्पष्ट कीजिए।,2,मूल्य और पाठ का संबंध बताइए.,एकता से व्यक्ति का दृष्टिकोण मजबूत होता है और पाठ में यही मूल्य सभी मनुष्यों को एक धरती के परिवार के रूप में देखने की भावना के रूप में सामने आता है.,"धरती,एकता,स्पष्टीकरण",Important,Medium,,
Hindi Lokbharati,2.6,“हम इस धरती की संतति हैं (पूरक पठन)” के प्रमुख विचार को दो बिंदुओं में लिखिए।,2,मुख्य आशय के दो छोटे मुद्दे लिखें.,"१) मानव एकता, धरती से संबंध और सामूहिक जिम्मेदारी २) सभी मनुष्यों को एक धरती के परिवार के रूप में देखने की भावना","धरती,मुख्य विचार",Important,Medium,,
Hindi Lokbharati,2.6,“हम इस धरती की संतति हैं (पूरक पठन)” के आधार पर रचनाकार का उद्देश्य स्पष्ट कीजिए।,3,"रचना क्यों लिखी गई होगी, यह सोचें.","रचनाकार का उद्देश्य मानव एकता, धरती से संबंध और सामूहिक जिम्मेदारी को प्रभावी ढंग से सामने लाना और पाठक को एकता के प्रति जागरूक करना है.","धरती,उद्देश्य,एकता",Important,Medium,,
Hindi Lokbharati,2.6,“हम इस धरती की संतति हैं (पूरक पठन)” में व्यक्त विचारों की वर्तमान समाज में उपयोगिता स्पष्ट कीजिए।,3,पाठ का संदेश आजच्या परिस्थितीशी जोडा.,आज भी एकता की आवश्यकता है; इसलिए सभी मनुष्यों को एक धरती के परिवार के रूप में देखने की भावना से जुड़ा संदेश सामाजिक और व्यक्तिगत जीवन में उपयोगी है.,"धरती,वर्तमान समाज,उपयोगिता",Important,Medium,,
Hindi Lokbharati,2.6,“हम इस धरती की संतति हैं (पूरक पठन)” के आशय को समझाने के लिए उपयुक्त उदाहरण दीजिए।,3,पाठ के संदेश से मिलता-जुलता जीवन-उदाहरण सोचें.,उदाहरण के रूप में ऐसा प्रसंग लिया जा सकता है जिसमें व्यक्ति एकता को अपनाकर सभी मनुष्यों को एक धरती के परिवार के रूप में देखने की भावना को व्यवहार में सिद्ध करता है.,"धरती,उदाहरण,एकता",Important,Medium,,
Hindi Lokbharati,2.6,“हम इस धरती की संतति हैं (पूरक पठन)” की भाषा/शैली की एक विशेषता लिखकर उसका प्रभाव बताइए।,3,रचना-विधा के अनुसार शैली का विचार करें.,"रचना की कव्वाली शैली विषय को सहज और प्रभावी बनाती है तथा मानव एकता, धरती से संबंध और सामूहिक जिम्मेदारी को पाठक तक स्पष्ट रूप से पहुँचाती है.","धरती,भाषा,शैली",Important,Medium,,
Hindi Lokbharati,2.6,“हम इस धरती की संतति हैं (पूरक पठन)” का चिकित्सक/शिक्षक/विद्यार्थी/समाजसेवकाच्या दृष्टिकोनातून संदेश स्पष्ट कीजिए।,4,भूमिका बदलूनही मुख्य मूल्य कायम ठेवा.,कोणत्याही सामाजिक भूमिकेतून पाहिले तरी एकता महत्त्वाचे आहे; रचना सभी मनुष्यों को एक धरती के परिवार के रूप में देखने की भावनाद्वारे जबाबदार आणि संवेदनशील वर्तनाची प्रेरणा देते.,"धरती,दृष्टिकोन,एकता",Important,Hard,,
Hindi Lokbharati,2.6,“हम इस धरती की संतति हैं (पूरक पठन)” के मुख्य विचार और उसके सामाजिक प्रभाव में संबंध स्पष्ट कीजिए।,4,मुख्य विचार → व्यक्ति → समाज असा संबंध मांडावा.,"रचनेतील मानव एकता, धरती से संबंध और सामूहिक जिम्मेदारी व्यक्तीच्या विचारांना दिशा देते; एकता वाढल्यास सामाजिक वर्तन अधिक संवेदनशील होते आणि सभी मनुष्यों को एक धरती के परिवार के रूप में देखने की भावना साध्य होण्यास मदत होते.","धरती,सामाजिक प्रभाव",Important,Hard,,
Hindi Lokbharati,2.6,“हम इस धरती की संतति हैं (पूरक पठन)” के आधार पर “आज के विद्यार्थी के लिए क्या करना चाहिए?” विषय पर संक्षिप्त उत्तर लिखिए।,4,पाठातील मूल्याचे कृतीत रूपांतर करा.,विद्यार्थ्यांनी एकता स्वीकारून सभी मनुष्यों को एक धरती के परिवार के रूप में देखने की भावना प्रत्यक्ष कृतीत आणावे आणि पाठातून मिळणारा सकारात्मक संदेश दैनंदिन जीवनात वापरावा.,"धरती,विद्यार्थी,कृती,एकता",Important,Hard,,
Hindi Lokbharati,2.6,"“हम इस धरती की संतति हैं (पूरक पठन)” का 4 अंकों के लिए संक्षिप्त विश्लेषण कीजिए—विषय, संदेश, मूल्य और वर्तमान उपयोगिता।",4,चार मुद्दे क्रमाने लिहा.,"विषय: मानव एकता, धरती से संबंध और सामूहिक जिम्मेदारी; संदेश: सभी मनुष्यों को एक धरती के परिवार के रूप में देखने की भावना; मूल्य: एकता; वर्तमान उपयोगिता: आजच्या जीवनात या विचाराचा प्रत्यक्ष उपयोग होतो.","धरती,विश्लेषण,एकता,वर्तमान उपयोगिता",Important,Hard,,
Hindi Lokbharati,2.7,“महिला आश्रम” पाठ का मुख्य विषय क्या है?,1,"पाठाचा मुख्य विषय लक्षात ठेवा: महिलाओं के विकास, सेवा और सामाजिक उत्थान की भावना.","या पाठाचा मुख्य विषय महिलाओं के विकास, सेवा और सामाजिक उत्थान की भावना आहे.","महिला आश्रम,महिला सशक्तीकरण",Important,Easy,,
Hindi Lokbharati,2.7,“महिला आश्रम” पाठ से मिलने वाला प्रमुख संदेश क्या है?,1,पाठातील मूल्य किंवा संदेश आठवा: महिला सशक्तीकरण.,पाठाचा प्रमुख संदेश महिला सशक्तीकरण या मूल्याला महत्त्व देणे हा आहे.,"महिला आश्रम,महिला सशक्तीकरण,संदेश",Important,Easy,,
Hindi Lokbharati,2.7,“महिला आश्रम” की रचना-विधा क्या है?,1,रचना के साहित्यिक प्रकार पर ध्यान दें.,“महिला आश्रम” की रचना-विधा पत्र है.,"महिला आश्रम,पत्र",Important,Easy,,
Hindi Lokbharati,2.7,“महिला आश्रम” के रचनाकार कौन हैं?,1,पाठ के लेखक/कवि का नाम याद करें.,“महिला आश्रम” के रचनाकार काका कालेलकर हैं.,"महिला आश्रम,काका कालेलकर",Important,Easy,,
Hindi Lokbharati,2.7,“महिला आश्रम” में किस मानवीय मूल्य पर विशेष जोर मिलता है?,1,पाठ का मूल्य-आधारित संदेश सोचें.,इस पाठ में महिला सशक्तीकरण के मानवीय मूल्य पर विशेष जोर मिलता है.,"महिला आश्रम,महिला सशक्तीकरण,मानवीय मूल्य",Important,Easy,,
Hindi Lokbharati,2.7,“महिला आश्रम” का शीर्षक पाठ के आशय से कैसे जुड़ता है?,2,शीर्षक और मुख्य विचार का संबंध बताइए.,"शीर्षक महिला आश्रम के माध्यम से पाठ के मुख्य आशय की ओर संकेत करता है और पत्र के माध्यम से महिला शिक्षा, सेवा और आश्रम के उद्देश्य पर विचार को स्पष्ट करता है.","महिला आश्रम,शीर्षक,आशय",Important,Easy,,
Hindi Lokbharati,2.7,“महिला आश्रम” से विद्यार्थियों को क्या सीख मिलती है?,2,व्यावहारिक जीवन से जोड़कर उत्तर दें.,"विद्यार्थियों को महिला सशक्तीकरण अपनाने और पत्र के माध्यम से महिला शिक्षा, सेवा और आश्रम के उद्देश्य पर विचार को जीवन में उतारने की सीख मिलती है.","महिला आश्रम,शिक्षा,महिला सशक्तीकरण",Important,Easy,,
Hindi Lokbharati,2.7,“महिला आश्रम” में लेखक/कवि ने किस दृष्टिकोण को सामने रखा है?,2,लेखक की मूल दृष्टि पहचानें.,"रचनाकार ने महिलाओं के विकास, सेवा और सामाजिक उत्थान की भावना को केंद्र में रखकर संवेदनशील और विचारपूर्ण दृष्टिकोण प्रस्तुत किया है.","महिला आश्रम,दृष्टिकोण",Important,Easy,,
Hindi Lokbharati,2.7,“महिला आश्रम” का संबंध आज के जीवन से कैसे जोड़ा जा सकता है?,2,आजच्या समाजातील उदाहरणाचा विचार करा.,आज के जीवन में भी महिला सशक्तीकरण आवश्यक है; इसलिए पाठ का संदेश व्यवहार में उपयोगी है.,"महिला आश्रम,वर्तमान जीवन,संदेश",Important,Easy,,
Hindi Lokbharati,2.7,“महिला आश्रम” के आधार पर एक वाक्य में पाठ का सार लिखिए।,2,मुख्य विचार को एक वाक्य में समेटें.,"यह रचना महिलाओं के विकास, सेवा और सामाजिक उत्थान की भावना के माध्यम से पत्र के माध्यम से महिला शिक्षा, सेवा और आश्रम के उद्देश्य पर विचार का प्रभावी संदेश देती है.","महिला आश्रम,सारांश",Important,Easy,,
Hindi Lokbharati,2.7,“महिला आश्रम” में महिला सशक्तीकरण का महत्व अपने शब्दों में स्पष्ट कीजिए।,2,मूल्य और पाठ का संबंध बताइए.,"महिला सशक्तीकरण से व्यक्ति का दृष्टिकोण मजबूत होता है और पाठ में यही मूल्य पत्र के माध्यम से महिला शिक्षा, सेवा और आश्रम के उद्देश्य पर विचार के रूप में सामने आता है.","महिला आश्रम,महिला सशक्तीकरण,स्पष्टीकरण",Important,Medium,,
Hindi Lokbharati,2.7,“महिला आश्रम” के प्रमुख विचार को दो बिंदुओं में लिखिए।,2,मुख्य आशय के दो छोटे मुद्दे लिखें.,"१) महिलाओं के विकास, सेवा और सामाजिक उत्थान की भावना २) पत्र के माध्यम से महिला शिक्षा, सेवा और आश्रम के उद्देश्य पर विचार","महिला आश्रम,मुख्य विचार",Important,Medium,,
Hindi Lokbharati,2.7,“महिला आश्रम” के आधार पर रचनाकार का उद्देश्य स्पष्ट कीजिए।,3,"रचना क्यों लिखी गई होगी, यह सोचें.","रचनाकार का उद्देश्य महिलाओं के विकास, सेवा और सामाजिक उत्थान की भावना को प्रभावी ढंग से सामने लाना और पाठक को महिला सशक्तीकरण के प्रति जागरूक करना है.","महिला आश्रम,उद्देश्य,महिला सशक्तीकरण",Important,Medium,,
Hindi Lokbharati,2.7,“महिला आश्रम” में व्यक्त विचारों की वर्तमान समाज में उपयोगिता स्पष्ट कीजिए।,3,पाठ का संदेश आजच्या परिस्थितीशी जोडा.,"आज भी महिला सशक्तीकरण की आवश्यकता है; इसलिए पत्र के माध्यम से महिला शिक्षा, सेवा और आश्रम के उद्देश्य पर विचार से जुड़ा संदेश सामाजिक और व्यक्तिगत जीवन में उपयोगी है.","महिला आश्रम,वर्तमान समाज,उपयोगिता",Important,Medium,,
Hindi Lokbharati,2.7,“महिला आश्रम” के आशय को समझाने के लिए उपयुक्त उदाहरण दीजिए।,3,पाठ के संदेश से मिलता-जुलता जीवन-उदाहरण सोचें.,"उदाहरण के रूप में ऐसा प्रसंग लिया जा सकता है जिसमें व्यक्ति महिला सशक्तीकरण को अपनाकर पत्र के माध्यम से महिला शिक्षा, सेवा और आश्रम के उद्देश्य पर विचार को व्यवहार में सिद्ध करता है.","महिला आश्रम,उदाहरण,महिला सशक्तीकरण",Important,Medium,,
Hindi Lokbharati,2.7,“महिला आश्रम” की भाषा/शैली की एक विशेषता लिखकर उसका प्रभाव बताइए।,3,रचना-विधा के अनुसार शैली का विचार करें.,"रचना की पत्र शैली विषय को सहज और प्रभावी बनाती है तथा महिलाओं के विकास, सेवा और सामाजिक उत्थान की भावना को पाठक तक स्पष्ट रूप से पहुँचाती है.","महिला आश्रम,भाषा,शैली",Important,Medium,,
Hindi Lokbharati,2.7,“महिला आश्रम” का चिकित्सक/शिक्षक/विद्यार्थी/समाजसेवकाच्या दृष्टिकोनातून संदेश स्पष्ट कीजिए।,4,भूमिका बदलूनही मुख्य मूल्य कायम ठेवा.,"कोणत्याही सामाजिक भूमिकेतून पाहिले तरी महिला सशक्तीकरण महत्त्वाचे आहे; रचना पत्र के माध्यम से महिला शिक्षा, सेवा और आश्रम के उद्देश्य पर विचारद्वारे जबाबदार आणि संवेदनशील वर्तनाची प्रेरणा देते.","महिला आश्रम,दृष्टिकोन,महिला सशक्तीकरण",Important,Hard,,
Hindi Lokbharati,2.7,“महिला आश्रम” के मुख्य विचार और उसके सामाजिक प्रभाव में संबंध स्पष्ट कीजिए।,4,मुख्य विचार → व्यक्ति → समाज असा संबंध मांडावा.,"रचनेतील महिलाओं के विकास, सेवा और सामाजिक उत्थान की भावना व्यक्तीच्या विचारांना दिशा देते; महिला सशक्तीकरण वाढल्यास सामाजिक वर्तन अधिक संवेदनशील होते आणि पत्र के माध्यम से महिला शिक्षा, सेवा और आश्रम के उद्देश्य पर विचार साध्य होण्यास मदत होते.","महिला आश्रम,सामाजिक प्रभाव",Important,Hard,,
Hindi Lokbharati,2.7,“महिला आश्रम” के आधार पर “आज के विद्यार्थी के लिए क्या करना चाहिए?” विषय पर संक्षिप्त उत्तर लिखिए।,4,पाठातील मूल्याचे कृतीत रूपांतर करा.,"विद्यार्थ्यांनी महिला सशक्तीकरण स्वीकारून पत्र के माध्यम से महिला शिक्षा, सेवा और आश्रम के उद्देश्य पर विचार प्रत्यक्ष कृतीत आणावे आणि पाठातून मिळणारा सकारात्मक संदेश दैनंदिन जीवनात वापरावा.","महिला आश्रम,विद्यार्थी,कृती,महिला सशक्तीकरण",Important,Hard,,
Hindi Lokbharati,2.7,"“महिला आश्रम” का 4 अंकों के लिए संक्षिप्त विश्लेषण कीजिए—विषय, संदेश, मूल्य और वर्तमान उपयोगिता।",4,चार मुद्दे क्रमाने लिहा.,"विषय: महिलाओं के विकास, सेवा और सामाजिक उत्थान की भावना; संदेश: पत्र के माध्यम से महिला शिक्षा, सेवा और आश्रम के उद्देश्य पर विचार; मूल्य: महिला सशक्तीकरण; वर्तमान उपयोगिता: आजच्या जीवनात या विचाराचा प्रत्यक्ष उपयोग होतो.","महिला आश्रम,विश्लेषण,महिला सशक्तीकरण,वर्तमान उपयोगिता",Important,Hard,,
Hindi Lokbharati,2.8,“अपनी गंध नहीं बेचूँगा” पाठ का मुख्य विषय क्या है?,1,"पाठाचा मुख्य विषय लक्षात ठेवा: स्वाभिमान, मूल्यों और अपनी पहचान को बनाए रखने की दृढ़ता.","या पाठाचा मुख्य विषय स्वाभिमान, मूल्यों और अपनी पहचान को बनाए रखने की दृढ़ता आहे.","अपनी गंध,स्वाभिमान",Important,Easy,,
Hindi Lokbharati,2.8,“अपनी गंध नहीं बेचूँगा” पाठ से मिलने वाला प्रमुख संदेश क्या है?,1,पाठातील मूल्य किंवा संदेश आठवा: स्वाभिमान.,पाठाचा प्रमुख संदेश स्वाभिमान या मूल्याला महत्त्व देणे हा आहे.,"अपनी गंध,स्वाभिमान,संदेश",Important,Easy,,
Hindi Lokbharati,2.8,“अपनी गंध नहीं बेचूँगा” की रचना-विधा क्या है?,1,रचना के साहित्यिक प्रकार पर ध्यान दें.,“अपनी गंध नहीं बेचूँगा” की रचना-विधा गीत है.,"अपनी गंध,गीत",Important,Easy,,
Hindi Lokbharati,2.8,“अपनी गंध नहीं बेचूँगा” के रचनाकार कौन हैं?,1,पाठ के लेखक/कवि का नाम याद करें.,“अपनी गंध नहीं बेचूँगा” के रचनाकार बालकवि बैरागी हैं.,"अपनी गंध,बालकवि बैरागी",Important,Easy,,
Hindi Lokbharati,2.8,“अपनी गंध नहीं बेचूँगा” में किस मानवीय मूल्य पर विशेष जोर मिलता है?,1,पाठ का मूल्य-आधारित संदेश सोचें.,इस पाठ में स्वाभिमान के मानवीय मूल्य पर विशेष जोर मिलता है.,"अपनी गंध,स्वाभिमान,मानवीय मूल्य",Important,Easy,,
Hindi Lokbharati,2.8,“अपनी गंध नहीं बेचूँगा” का शीर्षक पाठ के आशय से कैसे जुड़ता है?,2,शीर्षक और मुख्य विचार का संबंध बताइए.,शीर्षक अपनी गंध के माध्यम से पाठ के मुख्य आशय की ओर संकेत करता है और लाभ के लिए अपने मूल्यों और पहचान से समझौता न करने का संदेश को स्पष्ट करता है.,"अपनी गंध,शीर्षक,आशय",Important,Easy,,
Hindi Lokbharati,2.8,“अपनी गंध नहीं बेचूँगा” से विद्यार्थियों को क्या सीख मिलती है?,2,व्यावहारिक जीवन से जोड़कर उत्तर दें.,विद्यार्थियों को स्वाभिमान अपनाने और लाभ के लिए अपने मूल्यों और पहचान से समझौता न करने का संदेश को जीवन में उतारने की सीख मिलती है.,"अपनी गंध,शिक्षा,स्वाभिमान",Important,Easy,,
Hindi Lokbharati,2.8,“अपनी गंध नहीं बेचूँगा” में लेखक/कवि ने किस दृष्टिकोण को सामने रखा है?,2,लेखक की मूल दृष्टि पहचानें.,"रचनाकार ने स्वाभिमान, मूल्यों और अपनी पहचान को बनाए रखने की दृढ़ता को केंद्र में रखकर संवेदनशील और विचारपूर्ण दृष्टिकोण प्रस्तुत किया है.","अपनी गंध,दृष्टिकोण",Important,Easy,,
Hindi Lokbharati,2.8,“अपनी गंध नहीं बेचूँगा” का संबंध आज के जीवन से कैसे जोड़ा जा सकता है?,2,आजच्या समाजातील उदाहरणाचा विचार करा.,आज के जीवन में भी स्वाभिमान आवश्यक है; इसलिए पाठ का संदेश व्यवहार में उपयोगी है.,"अपनी गंध,वर्तमान जीवन,संदेश",Important,Easy,,
Hindi Lokbharati,2.8,“अपनी गंध नहीं बेचूँगा” के आधार पर एक वाक्य में पाठ का सार लिखिए।,2,मुख्य विचार को एक वाक्य में समेटें.,"यह रचना स्वाभिमान, मूल्यों और अपनी पहचान को बनाए रखने की दृढ़ता के माध्यम से लाभ के लिए अपने मूल्यों और पहचान से समझौता न करने का संदेश का प्रभावी संदेश देती है.","अपनी गंध,सारांश",Important,Easy,,
Hindi Lokbharati,2.8,“अपनी गंध नहीं बेचूँगा” में स्वाभिमान का महत्व अपने शब्दों में स्पष्ट कीजिए।,2,मूल्य और पाठ का संबंध बताइए.,स्वाभिमान से व्यक्ति का दृष्टिकोण मजबूत होता है और पाठ में यही मूल्य लाभ के लिए अपने मूल्यों और पहचान से समझौता न करने का संदेश के रूप में सामने आता है.,"अपनी गंध,स्वाभिमान,स्पष्टीकरण",Important,Medium,,
Hindi Lokbharati,2.8,“अपनी गंध नहीं बेचूँगा” के प्रमुख विचार को दो बिंदुओं में लिखिए।,2,मुख्य आशय के दो छोटे मुद्दे लिखें.,"१) स्वाभिमान, मूल्यों और अपनी पहचान को बनाए रखने की दृढ़ता २) लाभ के लिए अपने मूल्यों और पहचान से समझौता न करने का संदेश","अपनी गंध,मुख्य विचार",Important,Medium,,
Hindi Lokbharati,2.8,“अपनी गंध नहीं बेचूँगा” के आधार पर रचनाकार का उद्देश्य स्पष्ट कीजिए।,3,"रचना क्यों लिखी गई होगी, यह सोचें.","रचनाकार का उद्देश्य स्वाभिमान, मूल्यों और अपनी पहचान को बनाए रखने की दृढ़ता को प्रभावी ढंग से सामने लाना और पाठक को स्वाभिमान के प्रति जागरूक करना है.","अपनी गंध,उद्देश्य,स्वाभिमान",Important,Medium,,
Hindi Lokbharati,2.8,“अपनी गंध नहीं बेचूँगा” में व्यक्त विचारों की वर्तमान समाज में उपयोगिता स्पष्ट कीजिए।,3,पाठ का संदेश आजच्या परिस्थितीशी जोडा.,आज भी स्वाभिमान की आवश्यकता है; इसलिए लाभ के लिए अपने मूल्यों और पहचान से समझौता न करने का संदेश से जुड़ा संदेश सामाजिक और व्यक्तिगत जीवन में उपयोगी है.,"अपनी गंध,वर्तमान समाज,उपयोगिता",Important,Medium,,
Hindi Lokbharati,2.8,“अपनी गंध नहीं बेचूँगा” के आशय को समझाने के लिए उपयुक्त उदाहरण दीजिए।,3,पाठ के संदेश से मिलता-जुलता जीवन-उदाहरण सोचें.,उदाहरण के रूप में ऐसा प्रसंग लिया जा सकता है जिसमें व्यक्ति स्वाभिमान को अपनाकर लाभ के लिए अपने मूल्यों और पहचान से समझौता न करने का संदेश को व्यवहार में सिद्ध करता है.,"अपनी गंध,उदाहरण,स्वाभिमान",Important,Medium,,
Hindi Lokbharati,2.8,“अपनी गंध नहीं बेचूँगा” की भाषा/शैली की एक विशेषता लिखकर उसका प्रभाव बताइए।,3,रचना-विधा के अनुसार शैली का विचार करें.,"रचना की गीत शैली विषय को सहज और प्रभावी बनाती है तथा स्वाभिमान, मूल्यों और अपनी पहचान को बनाए रखने की दृढ़ता को पाठक तक स्पष्ट रूप से पहुँचाती है.","अपनी गंध,भाषा,शैली",Important,Medium,,
Hindi Lokbharati,2.8,“अपनी गंध नहीं बेचूँगा” का चिकित्सक/शिक्षक/विद्यार्थी/समाजसेवकाच्या दृष्टिकोनातून संदेश स्पष्ट कीजिए।,4,भूमिका बदलूनही मुख्य मूल्य कायम ठेवा.,कोणत्याही सामाजिक भूमिकेतून पाहिले तरी स्वाभिमान महत्त्वाचे आहे; रचना लाभ के लिए अपने मूल्यों और पहचान से समझौता न करने का संदेशद्वारे जबाबदार आणि संवेदनशील वर्तनाची प्रेरणा देते.,"अपनी गंध,दृष्टिकोन,स्वाभिमान",Important,Hard,,
Hindi Lokbharati,2.8,“अपनी गंध नहीं बेचूँगा” के मुख्य विचार और उसके सामाजिक प्रभाव में संबंध स्पष्ट कीजिए।,4,मुख्य विचार → व्यक्ति → समाज असा संबंध मांडावा.,"रचनेतील स्वाभिमान, मूल्यों और अपनी पहचान को बनाए रखने की दृढ़ता व्यक्तीच्या विचारांना दिशा देते; स्वाभिमान वाढल्यास सामाजिक वर्तन अधिक संवेदनशील होते आणि लाभ के लिए अपने मूल्यों और पहचान से समझौता न करने का संदेश साध्य होण्यास मदत होते.","अपनी गंध,सामाजिक प्रभाव",Important,Hard,,
Hindi Lokbharati,2.8,“अपनी गंध नहीं बेचूँगा” के आधार पर “आज के विद्यार्थी के लिए क्या करना चाहिए?” विषय पर संक्षिप्त उत्तर लिखिए।,4,पाठातील मूल्याचे कृतीत रूपांतर करा.,विद्यार्थ्यांनी स्वाभिमान स्वीकारून लाभ के लिए अपने मूल्यों और पहचान से समझौता न करने का संदेश प्रत्यक्ष कृतीत आणावे आणि पाठातून मिळणारा सकारात्मक संदेश दैनंदिन जीवनात वापरावा.,"अपनी गंध,विद्यार्थी,कृती,स्वाभिमान",Important,Hard,,
Hindi Lokbharati,2.8,"“अपनी गंध नहीं बेचूँगा” का 4 अंकों के लिए संक्षिप्त विश्लेषण कीजिए—विषय, संदेश, मूल्य और वर्तमान उपयोगिता।",4,चार मुद्दे क्रमाने लिहा.,"विषय: स्वाभिमान, मूल्यों और अपनी पहचान को बनाए रखने की दृढ़ता; संदेश: लाभ के लिए अपने मूल्यों और पहचान से समझौता न करने का संदेश; मूल्य: स्वाभिमान; वर्तमान उपयोगिता: आजच्या जीवनात या विचाराचा प्रत्यक्ष उपयोग होतो.","अपनी गंध,विश्लेषण,स्वाभिमान,वर्तमान उपयोगिता",Important,Hard,,
Hindi Lokbharati,2.9,"“जब तक जिंदा रहूँ, लिखता रहूँ” पाठ का मुख्य विषय क्या है?",1,"पाठाचा मुख्य विषय लक्षात ठेवा: लेखन, साहित्यिक प्रतिबद्धता और निरंतर सृजन.","या पाठाचा मुख्य विषय लेखन, साहित्यिक प्रतिबद्धता और निरंतर सृजन आहे.","लेखन,सृजनशीलता",Important,Easy,,
Hindi Lokbharati,2.9,"“जब तक जिंदा रहूँ, लिखता रहूँ” पाठ से मिलने वाला प्रमुख संदेश क्या है?",1,पाठातील मूल्य किंवा संदेश आठवा: सृजनशीलता.,पाठाचा प्रमुख संदेश सृजनशीलता या मूल्याला महत्त्व देणे हा आहे.,"लेखन,सृजनशीलता,संदेश",Important,Easy,,
Hindi Lokbharati,2.9,"“जब तक जिंदा रहूँ, लिखता रहूँ” की रचना-विधा क्या है?",1,रचना के साहित्यिक प्रकार पर ध्यान दें.,"“जब तक जिंदा रहूँ, लिखता रहूँ” की रचना-विधा साक्षात्कार है.","लेखन,साक्षात्कार",Important,Easy,,
Hindi Lokbharati,2.9,"“जब तक जिंदा रहूँ, लिखता रहूँ” के रचनाकार कौन हैं?",1,पाठ के लेखक/कवि का नाम याद करें.,"“जब तक जिंदा रहूँ, लिखता रहूँ” के रचनाकार विश्वनाथ प्रसाद तिवारी हैं.","लेखन,विश्वनाथ प्रसाद तिवारी",Important,Easy,,
Hindi Lokbharati,2.9,"“जब तक जिंदा रहूँ, लिखता रहूँ” में किस मानवीय मूल्य पर विशेष जोर मिलता है?",1,पाठ का मूल्य-आधारित संदेश सोचें.,इस पाठ में सृजनशीलता के मानवीय मूल्य पर विशेष जोर मिलता है.,"लेखन,सृजनशीलता,मानवीय मूल्य",Important,Easy,,
Hindi Lokbharati,2.9,"“जब तक जिंदा रहूँ, लिखता रहूँ” का शीर्षक पाठ के आशय से कैसे जुड़ता है?",2,शीर्षक और मुख्य विचार का संबंध बताइए.,शीर्षक लेखन के माध्यम से पाठ के मुख्य आशय की ओर संकेत करता है और लेखक के अनुभवों से लेखन के प्रति समर्पण समझना को स्पष्ट करता है.,"लेखन,शीर्षक,आशय",Important,Easy,,
Hindi Lokbharati,2.9,"“जब तक जिंदा रहूँ, लिखता रहूँ” से विद्यार्थियों को क्या सीख मिलती है?",2,व्यावहारिक जीवन से जोड़कर उत्तर दें.,विद्यार्थियों को सृजनशीलता अपनाने और लेखक के अनुभवों से लेखन के प्रति समर्पण समझना को जीवन में उतारने की सीख मिलती है.,"लेखन,शिक्षा,सृजनशीलता",Important,Easy,,
Hindi Lokbharati,2.9,"“जब तक जिंदा रहूँ, लिखता रहूँ” में लेखक/कवि ने किस दृष्टिकोण को सामने रखा है?",2,लेखक की मूल दृष्टि पहचानें.,"रचनाकार ने लेखन, साहित्यिक प्रतिबद्धता और निरंतर सृजन को केंद्र में रखकर संवेदनशील और विचारपूर्ण दृष्टिकोण प्रस्तुत किया है.","लेखन,दृष्टिकोण",Important,Easy,,
Hindi Lokbharati,2.9,"“जब तक जिंदा रहूँ, लिखता रहूँ” का संबंध आज के जीवन से कैसे जोड़ा जा सकता है?",2,आजच्या समाजातील उदाहरणाचा विचार करा.,आज के जीवन में भी सृजनशीलता आवश्यक है; इसलिए पाठ का संदेश व्यवहार में उपयोगी है.,"लेखन,वर्तमान जीवन,संदेश",Important,Easy,,
Hindi Lokbharati,2.9,"“जब तक जिंदा रहूँ, लिखता रहूँ” के आधार पर एक वाक्य में पाठ का सार लिखिए।",2,मुख्य विचार को एक वाक्य में समेटें.,"यह रचना लेखन, साहित्यिक प्रतिबद्धता और निरंतर सृजन के माध्यम से लेखक के अनुभवों से लेखन के प्रति समर्पण समझना का प्रभावी संदेश देती है.","लेखन,सारांश",Important,Easy,,
Hindi Lokbharati,2.9,"“जब तक जिंदा रहूँ, लिखता रहूँ” में सृजनशीलता का महत्व अपने शब्दों में स्पष्ट कीजिए।",2,मूल्य और पाठ का संबंध बताइए.,सृजनशीलता से व्यक्ति का दृष्टिकोण मजबूत होता है और पाठ में यही मूल्य लेखक के अनुभवों से लेखन के प्रति समर्पण समझना के रूप में सामने आता है.,"लेखन,सृजनशीलता,स्पष्टीकरण",Important,Medium,,
Hindi Lokbharati,2.9,"“जब तक जिंदा रहूँ, लिखता रहूँ” के प्रमुख विचार को दो बिंदुओं में लिखिए।",2,मुख्य आशय के दो छोटे मुद्दे लिखें.,"१) लेखन, साहित्यिक प्रतिबद्धता और निरंतर सृजन २) लेखक के अनुभवों से लेखन के प्रति समर्पण समझना","लेखन,मुख्य विचार",Important,Medium,,
Hindi Lokbharati,2.9,"“जब तक जिंदा रहूँ, लिखता रहूँ” के आधार पर रचनाकार का उद्देश्य स्पष्ट कीजिए।",3,"रचना क्यों लिखी गई होगी, यह सोचें.","रचनाकार का उद्देश्य लेखन, साहित्यिक प्रतिबद्धता और निरंतर सृजन को प्रभावी ढंग से सामने लाना और पाठक को सृजनशीलता के प्रति जागरूक करना है.","लेखन,उद्देश्य,सृजनशीलता",Important,Medium,,
Hindi Lokbharati,2.9,"“जब तक जिंदा रहूँ, लिखता रहूँ” में व्यक्त विचारों की वर्तमान समाज में उपयोगिता स्पष्ट कीजिए।",3,पाठ का संदेश आजच्या परिस्थितीशी जोडा.,आज भी सृजनशीलता की आवश्यकता है; इसलिए लेखक के अनुभवों से लेखन के प्रति समर्पण समझना से जुड़ा संदेश सामाजिक और व्यक्तिगत जीवन में उपयोगी है.,"लेखन,वर्तमान समाज,उपयोगिता",Important,Medium,,
Hindi Lokbharati,2.9,"“जब तक जिंदा रहूँ, लिखता रहूँ” के आशय को समझाने के लिए उपयुक्त उदाहरण दीजिए।",3,पाठ के संदेश से मिलता-जुलता जीवन-उदाहरण सोचें.,उदाहरण के रूप में ऐसा प्रसंग लिया जा सकता है जिसमें व्यक्ति सृजनशीलता को अपनाकर लेखक के अनुभवों से लेखन के प्रति समर्पण समझना को व्यवहार में सिद्ध करता है.,"लेखन,उदाहरण,सृजनशीलता",Important,Medium,,
Hindi Lokbharati,2.9,"“जब तक जिंदा रहूँ, लिखता रहूँ” की भाषा/शैली की एक विशेषता लिखकर उसका प्रभाव बताइए।",3,रचना-विधा के अनुसार शैली का विचार करें.,"रचना की साक्षात्कार शैली विषय को सहज और प्रभावी बनाती है तथा लेखन, साहित्यिक प्रतिबद्धता और निरंतर सृजन को पाठक तक स्पष्ट रूप से पहुँचाती है.","लेखन,भाषा,शैली",Important,Medium,,
Hindi Lokbharati,2.9,"“जब तक जिंदा रहूँ, लिखता रहूँ” का चिकित्सक/शिक्षक/विद्यार्थी/समाजसेवकाच्या दृष्टिकोनातून संदेश स्पष्ट कीजिए।",4,भूमिका बदलूनही मुख्य मूल्य कायम ठेवा.,कोणत्याही सामाजिक भूमिकेतून पाहिले तरी सृजनशीलता महत्त्वाचे आहे; रचना लेखक के अनुभवों से लेखन के प्रति समर्पण समझनाद्वारे जबाबदार आणि संवेदनशील वर्तनाची प्रेरणा देते.,"लेखन,दृष्टिकोन,सृजनशीलता",Important,Hard,,
Hindi Lokbharati,2.9,"“जब तक जिंदा रहूँ, लिखता रहूँ” के मुख्य विचार और उसके सामाजिक प्रभाव में संबंध स्पष्ट कीजिए।",4,मुख्य विचार → व्यक्ति → समाज असा संबंध मांडावा.,"रचनेतील लेखन, साहित्यिक प्रतिबद्धता और निरंतर सृजन व्यक्तीच्या विचारांना दिशा देते; सृजनशीलता वाढल्यास सामाजिक वर्तन अधिक संवेदनशील होते आणि लेखक के अनुभवों से लेखन के प्रति समर्पण समझना साध्य होण्यास मदत होते.","लेखन,सामाजिक प्रभाव",Important,Hard,,
Hindi Lokbharati,2.9,"“जब तक जिंदा रहूँ, लिखता रहूँ” के आधार पर “आज के विद्यार्थी के लिए क्या करना चाहिए?” विषय पर संक्षिप्त उत्तर लिखिए।",4,पाठातील मूल्याचे कृतीत रूपांतर करा.,विद्यार्थ्यांनी सृजनशीलता स्वीकारून लेखक के अनुभवों से लेखन के प्रति समर्पण समझना प्रत्यक्ष कृतीत आणावे आणि पाठातून मिळणारा सकारात्मक संदेश दैनंदिन जीवनात वापरावा.,"लेखन,विद्यार्थी,कृती,सृजनशीलता",Important,Hard,,
Hindi Lokbharati,2.9,"“जब तक जिंदा रहूँ, लिखता रहूँ” का 4 अंकों के लिए संक्षिप्त विश्लेषण कीजिए—विषय, संदेश, मूल्य और वर्तमान उपयोगिता।",4,चार मुद्दे क्रमाने लिहा.,"विषय: लेखन, साहित्यिक प्रतिबद्धता और निरंतर सृजन; संदेश: लेखक के अनुभवों से लेखन के प्रति समर्पण समझना; मूल्य: सृजनशीलता; वर्तमान उपयोगिता: आजच्या जीवनात या विचाराचा प्रत्यक्ष उपयोग होतो.","लेखन,विश्लेषण,सृजनशीलता,वर्तमान उपयोगिता",Important,Hard,,
Hindi Lokbharati,2.10,“बूढ़ी काकी (पूरक पठन)” पाठ का मुख्य विषय क्या है?,1,"पाठाचा मुख्य विषय लक्षात ठेवा: वृद्धावस्था, परिवार, उपेक्षा और मानवीय करुणा.","या पाठाचा मुख्य विषय वृद्धावस्था, परिवार, उपेक्षा और मानवीय करुणा आहे.","बूढ़ी काकी,करुणा",Important,Easy,,
Hindi Lokbharati,2.10,“बूढ़ी काकी (पूरक पठन)” पाठ से मिलने वाला प्रमुख संदेश क्या है?,1,पाठातील मूल्य किंवा संदेश आठवा: करुणा.,पाठाचा प्रमुख संदेश करुणा या मूल्याला महत्त्व देणे हा आहे.,"बूढ़ी काकी,करुणा,संदेश",Important,Easy,,
Hindi Lokbharati,2.10,“बूढ़ी काकी (पूरक पठन)” की रचना-विधा क्या है?,1,रचना के साहित्यिक प्रकार पर ध्यान दें.,“बूढ़ी काकी (पूरक पठन)” की रचना-विधा वर्णनात्मक कहानी है.,"बूढ़ी काकी,वर्णनात्मक कहानी",Important,Easy,,
Hindi Lokbharati,2.10,“बूढ़ी काकी (पूरक पठन)” के रचनाकार कौन हैं?,1,पाठ के लेखक/कवि का नाम याद करें.,“बूढ़ी काकी (पूरक पठन)” के रचनाकार प्रेमचंद हैं.,"बूढ़ी काकी,प्रेमचंद",Important,Easy,,
Hindi Lokbharati,2.10,“बूढ़ी काकी (पूरक पठन)” में किस मानवीय मूल्य पर विशेष जोर मिलता है?,1,पाठ का मूल्य-आधारित संदेश सोचें.,इस पाठ में करुणा के मानवीय मूल्य पर विशेष जोर मिलता है.,"बूढ़ी काकी,करुणा,मानवीय मूल्य",Important,Easy,,
Hindi Lokbharati,2.10,“बूढ़ी काकी (पूरक पठन)” का शीर्षक पाठ के आशय से कैसे जुड़ता है?,2,शीर्षक और मुख्य विचार का संबंध बताइए.,शीर्षक बूढ़ी काकी के माध्यम से पाठ के मुख्य आशय की ओर संकेत करता है और बूढ़ी काकी के माध्यम से परिवार में संवेदना और सम्मान का प्रश्न को स्पष्ट करता है.,"बूढ़ी काकी,शीर्षक,आशय",Important,Easy,,
Hindi Lokbharati,2.10,“बूढ़ी काकी (पूरक पठन)” से विद्यार्थियों को क्या सीख मिलती है?,2,व्यावहारिक जीवन से जोड़कर उत्तर दें.,विद्यार्थियों को करुणा अपनाने और बूढ़ी काकी के माध्यम से परिवार में संवेदना और सम्मान का प्रश्न को जीवन में उतारने की सीख मिलती है.,"बूढ़ी काकी,शिक्षा,करुणा",Important,Easy,,
Hindi Lokbharati,2.10,“बूढ़ी काकी (पूरक पठन)” में लेखक/कवि ने किस दृष्टिकोण को सामने रखा है?,2,लेखक की मूल दृष्टि पहचानें.,"रचनाकार ने वृद्धावस्था, परिवार, उपेक्षा और मानवीय करुणा को केंद्र में रखकर संवेदनशील और विचारपूर्ण दृष्टिकोण प्रस्तुत किया है.","बूढ़ी काकी,दृष्टिकोण",Important,Easy,,
Hindi Lokbharati,2.10,“बूढ़ी काकी (पूरक पठन)” का संबंध आज के जीवन से कैसे जोड़ा जा सकता है?,2,आजच्या समाजातील उदाहरणाचा विचार करा.,आज के जीवन में भी करुणा आवश्यक है; इसलिए पाठ का संदेश व्यवहार में उपयोगी है.,"बूढ़ी काकी,वर्तमान जीवन,संदेश",Important,Easy,,
Hindi Lokbharati,2.10,“बूढ़ी काकी (पूरक पठन)” के आधार पर एक वाक्य में पाठ का सार लिखिए।,2,मुख्य विचार को एक वाक्य में समेटें.,"यह रचना वृद्धावस्था, परिवार, उपेक्षा और मानवीय करुणा के माध्यम से बूढ़ी काकी के माध्यम से परिवार में संवेदना और सम्मान का प्रश्न का प्रभावी संदेश देती है.","बूढ़ी काकी,सारांश",Important,Easy,,
Hindi Lokbharati,2.10,“बूढ़ी काकी (पूरक पठन)” में करुणा का महत्व अपने शब्दों में स्पष्ट कीजिए।,2,मूल्य और पाठ का संबंध बताइए.,करुणा से व्यक्ति का दृष्टिकोण मजबूत होता है और पाठ में यही मूल्य बूढ़ी काकी के माध्यम से परिवार में संवेदना और सम्मान का प्रश्न के रूप में सामने आता है.,"बूढ़ी काकी,करुणा,स्पष्टीकरण",Important,Medium,,
Hindi Lokbharati,2.10,“बूढ़ी काकी (पूरक पठन)” के प्रमुख विचार को दो बिंदुओं में लिखिए।,2,मुख्य आशय के दो छोटे मुद्दे लिखें.,"१) वृद्धावस्था, परिवार, उपेक्षा और मानवीय करुणा २) बूढ़ी काकी के माध्यम से परिवार में संवेदना और सम्मान का प्रश्न","बूढ़ी काकी,मुख्य विचार",Important,Medium,,
Hindi Lokbharati,2.10,“बूढ़ी काकी (पूरक पठन)” के आधार पर रचनाकार का उद्देश्य स्पष्ट कीजिए।,3,"रचना क्यों लिखी गई होगी, यह सोचें.","रचनाकार का उद्देश्य वृद्धावस्था, परिवार, उपेक्षा और मानवीय करुणा को प्रभावी ढंग से सामने लाना और पाठक को करुणा के प्रति जागरूक करना है.","बूढ़ी काकी,उद्देश्य,करुणा",Important,Medium,,
Hindi Lokbharati,2.10,“बूढ़ी काकी (पूरक पठन)” में व्यक्त विचारों की वर्तमान समाज में उपयोगिता स्पष्ट कीजिए।,3,पाठ का संदेश आजच्या परिस्थितीशी जोडा.,आज भी करुणा की आवश्यकता है; इसलिए बूढ़ी काकी के माध्यम से परिवार में संवेदना और सम्मान का प्रश्न से जुड़ा संदेश सामाजिक और व्यक्तिगत जीवन में उपयोगी है.,"बूढ़ी काकी,वर्तमान समाज,उपयोगिता",Important,Medium,,
Hindi Lokbharati,2.10,“बूढ़ी काकी (पूरक पठन)” के आशय को समझाने के लिए उपयुक्त उदाहरण दीजिए।,3,पाठ के संदेश से मिलता-जुलता जीवन-उदाहरण सोचें.,उदाहरण के रूप में ऐसा प्रसंग लिया जा सकता है जिसमें व्यक्ति करुणा को अपनाकर बूढ़ी काकी के माध्यम से परिवार में संवेदना और सम्मान का प्रश्न को व्यवहार में सिद्ध करता है.,"बूढ़ी काकी,उदाहरण,करुणा",Important,Medium,,
Hindi Lokbharati,2.10,“बूढ़ी काकी (पूरक पठन)” की भाषा/शैली की एक विशेषता लिखकर उसका प्रभाव बताइए।,3,रचना-विधा के अनुसार शैली का विचार करें.,"रचना की वर्णनात्मक कहानी शैली विषय को सहज और प्रभावी बनाती है तथा वृद्धावस्था, परिवार, उपेक्षा और मानवीय करुणा को पाठक तक स्पष्ट रूप से पहुँचाती है.","बूढ़ी काकी,भाषा,शैली",Important,Medium,,
Hindi Lokbharati,2.10,“बूढ़ी काकी (पूरक पठन)” का चिकित्सक/शिक्षक/विद्यार्थी/समाजसेवकाच्या दृष्टिकोनातून संदेश स्पष्ट कीजिए।,4,भूमिका बदलूनही मुख्य मूल्य कायम ठेवा.,कोणत्याही सामाजिक भूमिकेतून पाहिले तरी करुणा महत्त्वाचे आहे; रचना बूढ़ी काकी के माध्यम से परिवार में संवेदना और सम्मान का प्रश्नद्वारे जबाबदार आणि संवेदनशील वर्तनाची प्रेरणा देते.,"बूढ़ी काकी,दृष्टिकोन,करुणा",Important,Hard,,
Hindi Lokbharati,2.10,“बूढ़ी काकी (पूरक पठन)” के मुख्य विचार और उसके सामाजिक प्रभाव में संबंध स्पष्ट कीजिए।,4,मुख्य विचार → व्यक्ति → समाज असा संबंध मांडावा.,"रचनेतील वृद्धावस्था, परिवार, उपेक्षा और मानवीय करुणा व्यक्तीच्या विचारांना दिशा देते; करुणा वाढल्यास सामाजिक वर्तन अधिक संवेदनशील होते आणि बूढ़ी काकी के माध्यम से परिवार में संवेदना और सम्मान का प्रश्न साध्य होण्यास मदत होते.","बूढ़ी काकी,सामाजिक प्रभाव",Important,Hard,,
Hindi Lokbharati,2.10,“बूढ़ी काकी (पूरक पठन)” के आधार पर “आज के विद्यार्थी के लिए क्या करना चाहिए?” विषय पर संक्षिप्त उत्तर लिखिए।,4,पाठातील मूल्याचे कृतीत रूपांतर करा.,विद्यार्थ्यांनी करुणा स्वीकारून बूढ़ी काकी के माध्यम से परिवार में संवेदना और सम्मान का प्रश्न प्रत्यक्ष कृतीत आणावे आणि पाठातून मिळणारा सकारात्मक संदेश दैनंदिन जीवनात वापरावा.,"बूढ़ी काकी,विद्यार्थी,कृती,करुणा",Important,Hard,,
Hindi Lokbharati,2.10,"“बूढ़ी काकी (पूरक पठन)” का 4 अंकों के लिए संक्षिप्त विश्लेषण कीजिए—विषय, संदेश, मूल्य और वर्तमान उपयोगिता।",4,चार मुद्दे क्रमाने लिहा.,"विषय: वृद्धावस्था, परिवार, उपेक्षा और मानवीय करुणा; संदेश: बूढ़ी काकी के माध्यम से परिवार में संवेदना और सम्मान का प्रश्न; मूल्य: करुणा; वर्तमान उपयोगिता: आजच्या जीवनात या विचाराचा प्रत्यक्ष उपयोग होतो.","बूढ़ी काकी,विश्लेषण,करुणा,वर्तमान उपयोगिता",Important,Hard,,
Hindi Lokbharati,2.11,“समता की ओर” पाठ का मुख्य विषय क्या है?,1,पाठाचा मुख्य विषय लक्षात ठेवा: असमानता के विरुद्ध मानवतावादी और समानता का विचार.,या पाठाचा मुख्य विषय असमानता के विरुद्ध मानवतावादी और समानता का विचार आहे.,"समानता,समता",Important,Easy,,
Hindi Lokbharati,2.11,“समता की ओर” पाठ से मिलने वाला प्रमुख संदेश क्या है?,1,पाठातील मूल्य किंवा संदेश आठवा: समता.,पाठाचा प्रमुख संदेश समता या मूल्याला महत्त्व देणे हा आहे.,"समानता,समता,संदेश",Important,Easy,,
Hindi Lokbharati,2.11,“समता की ओर” की रचना-विधा क्या है?,1,रचना के साहित्यिक प्रकार पर ध्यान दें.,“समता की ओर” की रचना-विधा नई कविता है.,"समानता,नई कविता",Important,Easy,,
Hindi Lokbharati,2.11,“समता की ओर” के रचनाकार कौन हैं?,1,पाठ के लेखक/कवि का नाम याद करें.,“समता की ओर” के रचनाकार मुकुटधर पांडेय हैं.,"समानता,मुकुटधर पांडेय",Important,Easy,,
Hindi Lokbharati,2.11,“समता की ओर” में किस मानवीय मूल्य पर विशेष जोर मिलता है?,1,पाठ का मूल्य-आधारित संदेश सोचें.,इस पाठ में समता के मानवीय मूल्य पर विशेष जोर मिलता है.,"समानता,समता,मानवीय मूल्य",Important,Easy,,
Hindi Lokbharati,2.11,“समता की ओर” का शीर्षक पाठ के आशय से कैसे जुड़ता है?,2,शीर्षक और मुख्य विचार का संबंध बताइए.,शीर्षक समानता के माध्यम से पाठ के मुख्य आशय की ओर संकेत करता है और प्रकृति और समाज के उदाहरणों से समानता की आवश्यकता को स्पष्ट करता है.,"समानता,शीर्षक,आशय",Important,Easy,,
Hindi Lokbharati,2.11,“समता की ओर” से विद्यार्थियों को क्या सीख मिलती है?,2,व्यावहारिक जीवन से जोड़कर उत्तर दें.,विद्यार्थियों को समता अपनाने और प्रकृति और समाज के उदाहरणों से समानता की आवश्यकता को जीवन में उतारने की सीख मिलती है.,"समानता,शिक्षा,समता",Important,Easy,,
Hindi Lokbharati,2.11,“समता की ओर” में लेखक/कवि ने किस दृष्टिकोण को सामने रखा है?,2,लेखक की मूल दृष्टि पहचानें.,रचनाकार ने असमानता के विरुद्ध मानवतावादी और समानता का विचार को केंद्र में रखकर संवेदनशील और विचारपूर्ण दृष्टिकोण प्रस्तुत किया है.,"समानता,दृष्टिकोण",Important,Easy,,
Hindi Lokbharati,2.11,“समता की ओर” का संबंध आज के जीवन से कैसे जोड़ा जा सकता है?,2,आजच्या समाजातील उदाहरणाचा विचार करा.,आज के जीवन में भी समता आवश्यक है; इसलिए पाठ का संदेश व्यवहार में उपयोगी है.,"समानता,वर्तमान जीवन,संदेश",Important,Easy,,
Hindi Lokbharati,2.11,“समता की ओर” के आधार पर एक वाक्य में पाठ का सार लिखिए।,2,मुख्य विचार को एक वाक्य में समेटें.,यह रचना असमानता के विरुद्ध मानवतावादी और समानता का विचार के माध्यम से प्रकृति और समाज के उदाहरणों से समानता की आवश्यकता का प्रभावी संदेश देती है.,"समानता,सारांश",Important,Easy,,
Hindi Lokbharati,2.11,“समता की ओर” में समता का महत्व अपने शब्दों में स्पष्ट कीजिए।,2,मूल्य और पाठ का संबंध बताइए.,समता से व्यक्ति का दृष्टिकोण मजबूत होता है और पाठ में यही मूल्य प्रकृति और समाज के उदाहरणों से समानता की आवश्यकता के रूप में सामने आता है.,"समानता,समता,स्पष्टीकरण",Important,Medium,,
Hindi Lokbharati,2.11,“समता की ओर” के प्रमुख विचार को दो बिंदुओं में लिखिए।,2,मुख्य आशय के दो छोटे मुद्दे लिखें.,१) असमानता के विरुद्ध मानवतावादी और समानता का विचार २) प्रकृति और समाज के उदाहरणों से समानता की आवश्यकता,"समानता,मुख्य विचार",Important,Medium,,
Hindi Lokbharati,2.11,“समता की ओर” के आधार पर रचनाकार का उद्देश्य स्पष्ट कीजिए।,3,"रचना क्यों लिखी गई होगी, यह सोचें.",रचनाकार का उद्देश्य असमानता के विरुद्ध मानवतावादी और समानता का विचार को प्रभावी ढंग से सामने लाना और पाठक को समता के प्रति जागरूक करना है.,"समानता,उद्देश्य,समता",Important,Medium,,
Hindi Lokbharati,2.11,“समता की ओर” में व्यक्त विचारों की वर्तमान समाज में उपयोगिता स्पष्ट कीजिए।,3,पाठ का संदेश आजच्या परिस्थितीशी जोडा.,आज भी समता की आवश्यकता है; इसलिए प्रकृति और समाज के उदाहरणों से समानता की आवश्यकता से जुड़ा संदेश सामाजिक और व्यक्तिगत जीवन में उपयोगी है.,"समानता,वर्तमान समाज,उपयोगिता",Important,Medium,,
Hindi Lokbharati,2.11,“समता की ओर” के आशय को समझाने के लिए उपयुक्त उदाहरण दीजिए।,3,पाठ के संदेश से मिलता-जुलता जीवन-उदाहरण सोचें.,उदाहरण के रूप में ऐसा प्रसंग लिया जा सकता है जिसमें व्यक्ति समता को अपनाकर प्रकृति और समाज के उदाहरणों से समानता की आवश्यकता को व्यवहार में सिद्ध करता है.,"समानता,उदाहरण,समता",Important,Medium,,
Hindi Lokbharati,2.11,“समता की ओर” की भाषा/शैली की एक विशेषता लिखकर उसका प्रभाव बताइए।,3,रचना-विधा के अनुसार शैली का विचार करें.,रचना की नई कविता शैली विषय को सहज और प्रभावी बनाती है तथा असमानता के विरुद्ध मानवतावादी और समानता का विचार को पाठक तक स्पष्ट रूप से पहुँचाती है.,"समानता,भाषा,शैली",Important,Medium,,
Hindi Lokbharati,2.11,“समता की ओर” का चिकित्सक/शिक्षक/विद्यार्थी/समाजसेवकाच्या दृष्टिकोनातून संदेश स्पष्ट कीजिए।,4,भूमिका बदलूनही मुख्य मूल्य कायम ठेवा.,कोणत्याही सामाजिक भूमिकेतून पाहिले तरी समता महत्त्वाचे आहे; रचना प्रकृति और समाज के उदाहरणों से समानता की आवश्यकताद्वारे जबाबदार आणि संवेदनशील वर्तनाची प्रेरणा देते.,"समानता,दृष्टिकोन,समता",Important,Hard,,
Hindi Lokbharati,2.11,“समता की ओर” के मुख्य विचार और उसके सामाजिक प्रभाव में संबंध स्पष्ट कीजिए।,4,मुख्य विचार → व्यक्ति → समाज असा संबंध मांडावा.,रचनेतील असमानता के विरुद्ध मानवतावादी और समानता का विचार व्यक्तीच्या विचारांना दिशा देते; समता वाढल्यास सामाजिक वर्तन अधिक संवेदनशील होते आणि प्रकृति और समाज के उदाहरणों से समानता की आवश्यकता साध्य होण्यास मदत होते.,"समानता,सामाजिक प्रभाव",Important,Hard,,
Hindi Lokbharati,2.11,“समता की ओर” के आधार पर “आज के विद्यार्थी के लिए क्या करना चाहिए?” विषय पर संक्षिप्त उत्तर लिखिए।,4,पाठातील मूल्याचे कृतीत रूपांतर करा.,विद्यार्थ्यांनी समता स्वीकारून प्रकृति और समाज के उदाहरणों से समानता की आवश्यकता प्रत्यक्ष कृतीत आणावे आणि पाठातून मिळणारा सकारात्मक संदेश दैनंदिन जीवनात वापरावा.,"समानता,विद्यार्थी,कृती,समता",Important,Hard,,
Hindi Lokbharati,2.11,"“समता की ओर” का 4 अंकों के लिए संक्षिप्त विश्लेषण कीजिए—विषय, संदेश, मूल्य और वर्तमान उपयोगिता।",4,चार मुद्दे क्रमाने लिहा.,विषय: असमानता के विरुद्ध मानवतावादी और समानता का विचार; संदेश: प्रकृति और समाज के उदाहरणों से समानता की आवश्यकता; मूल्य: समता; वर्तमान उपयोगिता: आजच्या जीवनात या विचाराचा प्रत्यक्ष उपयोग होतो.,"समानता,विश्लेषण,समता,वर्तमान उपयोगिता",Important,Hard,,
