subject_name,chapter_number,question_text,marks,hint,easy_answer,keywords,question_type,difficulty,pyq_year,question_paper_id
English,1.1,What is the central idea of 'Where the Mind is Without Fear'?,2,"Read the chapter carefully and identify its main idea, key events, characters or message.","The central idea is the main message or thought developed through the chapter, explained with reference to its key events, ideas or images.","where the mind is without fear,main idea,exam practice",Important,Easy,,
English,1.1,Write a short summary of 'Where the Mind is Without Fear'.,3,"Read the chapter carefully and identify its main idea, key events, characters or message.",A good summary briefly presents the main events or ideas in logical order without unnecessary details.,"where the mind is without fear,main idea,exam practice",Important,Medium,,
English,1.1,What important value can a student learn from 'Where the Mind is Without Fear'?,2,"Read the chapter carefully and identify its main idea, key events, characters or message.","The lesson can be connected with values such as courage, honesty, perseverance, compassion, wisdom or responsible action, depending on the chapter.","where the mind is without fear,main idea,exam practice",Important,Easy,,
English,1.1,Explain the title 'Where the Mind is Without Fear'.,2,"Read the chapter carefully and identify its main idea, key events, characters or message.","The title is meaningful because it points to the main subject, incident, character, image or message of the chapter.","where the mind is without fear,main idea,exam practice",Important,Easy,,
English,1.1,Give two important themes in 'Where the Mind is Without Fear'.,3,"Read the chapter carefully and identify its main idea, key events, characters or message.",State two major ideas developed in the chapter and support each with a relevant reference from the text.,"where the mind is without fear,main idea,exam practice",Important,Medium,,
English,1.1,Describe one important character or personality presented in 'Where the Mind is Without Fear'.,3,"Read the chapter carefully and identify its main idea, key events, characters or message.","Describe the person's qualities, actions and decisions, and explain how these contribute to the chapter.","where the mind is without fear,main idea,exam practice",Important,Medium,,
English,1.1,What turning point is important in 'Where the Mind is Without Fear'?,3,"Read the chapter carefully and identify its main idea, key events, characters or message.",Identify the event or realization that changes the direction of the narrative or the understanding of the subject.,"where the mind is without fear,main idea,exam practice",Important,Medium,,
English,1.1,How does 'Where the Mind is Without Fear' inspire the reader?,2,"Read the chapter carefully and identify its main idea, key events, characters or message.","It inspires the reader through an idea, experience or example that encourages positive thinking, courage, learning or self-improvement.","where the mind is without fear,main idea,exam practice",Important,Easy,,
English,1.1,Write one lesson from 'Where the Mind is Without Fear' that can be applied in daily life.,2,"Read the chapter carefully and identify its main idea, key events, characters or message.",State the lesson clearly and link it to a practical action or attitude in everyday life.,"where the mind is without fear,main idea,exam practice",Important,Easy,,
English,1.1,What is the writer's main purpose in 'Where the Mind is Without Fear'?,2,"Read the chapter carefully and identify its main idea, key events, characters or message.","The writer's purpose is to communicate the chapter's central idea and make the reader think, feel or learn through the chosen form and examples.","where the mind is without fear,main idea,exam practice",Important,Easy,,
English,1.1,Find and explain one important contrast in 'Where the Mind is Without Fear'.,3,"Read the chapter carefully and identify its main idea, key events, characters or message.","Mention two contrasting ideas, situations or attitudes and explain how the contrast strengthens the chapter's message.","where the mind is without fear,main idea,exam practice",Important,Medium,,
English,1.1,How does the setting or situation support 'Where the Mind is Without Fear'?,2,"Read the chapter carefully and identify its main idea, key events, characters or message.",The setting or situation creates the conditions in which the main events or ideas become meaningful.,"where the mind is without fear,main idea,exam practice",Important,Easy,,
English,1.1,Write a 4-sentence appreciation of 'Where the Mind is Without Fear'.,4,"Read the chapter carefully and identify its main idea, key events, characters or message.","Mention the subject, important idea, notable feature and the reason the chapter is meaningful to readers.","where the mind is without fear,main idea,exam practice",Important,Hard,,
English,1.1,What makes 'Where the Mind is Without Fear' memorable?,2,"Read the chapter carefully and identify its main idea, key events, characters or message.","Its memorable quality comes from its important subject, strong message, characters, incidents, images or emotional effect.","where the mind is without fear,main idea,exam practice",Important,Easy,,
English,1.1,How can the main message of 'Where the Mind is Without Fear' help a weak student?,2,"Read the chapter carefully and identify its main idea, key events, characters or message.","It can encourage steady effort, learning from mistakes and practical improvement instead of giving up.","where the mind is without fear,main idea,exam practice",Important,Easy,,
English,1.1,Write three keywords related to 'Where the Mind is Without Fear'.,1,"Read the chapter carefully and identify its main idea, key events, characters or message.","Choose three keywords directly connected with the chapter's subject, ideas, characters or events.","where the mind is without fear,main idea,exam practice",Important,Easy,,
English,1.1,Write a short answer on the most important idea in 'Where the Mind is Without Fear'.,2,"Read the chapter carefully and identify its main idea, key events, characters or message.",State the idea in one or two clear sentences and support it with one relevant reference.,"where the mind is without fear,main idea,exam practice",Important,Easy,,
English,1.1,Why should students study 'Where the Mind is Without Fear' carefully for examination?,2,"Read the chapter carefully and identify its main idea, key events, characters or message.","Careful study helps students understand the main idea, important details, vocabulary and likely question patterns.","where the mind is without fear,main idea,exam practice",Important,Easy,,
English,1.1,Frame one exam question based on 'Where the Mind is Without Fear' and answer it.,3,"Read the chapter carefully and identify its main idea, key events, characters or message.","The question should test an important idea from the chapter, and the answer should be concise, relevant and text-based.","where the mind is without fear,main idea,exam practice",Important,Medium,,
English,1.1,What is your personal response to 'Where the Mind is Without Fear'?,3,"Read the chapter carefully and identify its main idea, key events, characters or message.",State your opinion clearly and support it with one reason or reference from the chapter.,"where the mind is without fear,main idea,exam practice",Important,Hard,,
English,1.2,What is the central idea of 'The Thief's Story'?,2,"Read the chapter carefully and identify its main idea, key events, characters or message.","The central idea is the main message or thought developed through the chapter, explained with reference to its key events, ideas or images.","the thief's story,main idea,exam practice",Important,Easy,,
English,1.2,Write a short summary of 'The Thief's Story'.,3,"Read the chapter carefully and identify its main idea, key events, characters or message.",A good summary briefly presents the main events or ideas in logical order without unnecessary details.,"the thief's story,main idea,exam practice",Important,Medium,,
English,1.2,What important value can a student learn from 'The Thief's Story'?,2,"Read the chapter carefully and identify its main idea, key events, characters or message.","The lesson can be connected with values such as courage, honesty, perseverance, compassion, wisdom or responsible action, depending on the chapter.","the thief's story,main idea,exam practice",Important,Easy,,
English,1.2,Explain the title 'The Thief's Story'.,2,"Read the chapter carefully and identify its main idea, key events, characters or message.","The title is meaningful because it points to the main subject, incident, character, image or message of the chapter.","the thief's story,main idea,exam practice",Important,Easy,,
English,1.2,Give two important themes in 'The Thief's Story'.,3,"Read the chapter carefully and identify its main idea, key events, characters or message.",State two major ideas developed in the chapter and support each with a relevant reference from the text.,"the thief's story,main idea,exam practice",Important,Medium,,
English,1.2,Describe one important character or personality presented in 'The Thief's Story'.,3,"Read the chapter carefully and identify its main idea, key events, characters or message.","Describe the person's qualities, actions and decisions, and explain how these contribute to the chapter.","the thief's story,main idea,exam practice",Important,Medium,,
English,1.2,What turning point is important in 'The Thief's Story'?,3,"Read the chapter carefully and identify its main idea, key events, characters or message.",Identify the event or realization that changes the direction of the narrative or the understanding of the subject.,"the thief's story,main idea,exam practice",Important,Medium,,
English,1.2,How does 'The Thief's Story' inspire the reader?,2,"Read the chapter carefully and identify its main idea, key events, characters or message.","It inspires the reader through an idea, experience or example that encourages positive thinking, courage, learning or self-improvement.","the thief's story,main idea,exam practice",Important,Easy,,
English,1.2,Write one lesson from 'The Thief's Story' that can be applied in daily life.,2,"Read the chapter carefully and identify its main idea, key events, characters or message.",State the lesson clearly and link it to a practical action or attitude in everyday life.,"the thief's story,main idea,exam practice",Important,Easy,,
English,1.2,What is the writer's main purpose in 'The Thief's Story'?,2,"Read the chapter carefully and identify its main idea, key events, characters or message.","The writer's purpose is to communicate the chapter's central idea and make the reader think, feel or learn through the chosen form and examples.","the thief's story,main idea,exam practice",Important,Easy,,
English,1.2,Find and explain one important contrast in 'The Thief's Story'.,3,"Read the chapter carefully and identify its main idea, key events, characters or message.","Mention two contrasting ideas, situations or attitudes and explain how the contrast strengthens the chapter's message.","the thief's story,main idea,exam practice",Important,Medium,,
English,1.2,How does the setting or situation support 'The Thief's Story'?,2,"Read the chapter carefully and identify its main idea, key events, characters or message.",The setting or situation creates the conditions in which the main events or ideas become meaningful.,"the thief's story,main idea,exam practice",Important,Easy,,
English,1.2,Write a 4-sentence appreciation of 'The Thief's Story'.,4,"Read the chapter carefully and identify its main idea, key events, characters or message.","Mention the subject, important idea, notable feature and the reason the chapter is meaningful to readers.","the thief's story,main idea,exam practice",Important,Hard,,
English,1.2,What makes 'The Thief's Story' memorable?,2,"Read the chapter carefully and identify its main idea, key events, characters or message.","Its memorable quality comes from its important subject, strong message, characters, incidents, images or emotional effect.","the thief's story,main idea,exam practice",Important,Easy,,
English,1.2,How can the main message of 'The Thief's Story' help a weak student?,2,"Read the chapter carefully and identify its main idea, key events, characters or message.","It can encourage steady effort, learning from mistakes and practical improvement instead of giving up.","the thief's story,main idea,exam practice",Important,Easy,,
English,1.2,Write three keywords related to 'The Thief's Story'.,1,"Read the chapter carefully and identify its main idea, key events, characters or message.","Choose three keywords directly connected with the chapter's subject, ideas, characters or events.","the thief's story,main idea,exam practice",Important,Easy,,
English,1.2,Write a short answer on the most important idea in 'The Thief's Story'.,2,"Read the chapter carefully and identify its main idea, key events, characters or message.",State the idea in one or two clear sentences and support it with one relevant reference.,"the thief's story,main idea,exam practice",Important,Easy,,
English,1.2,Why should students study 'The Thief's Story' carefully for examination?,2,"Read the chapter carefully and identify its main idea, key events, characters or message.","Careful study helps students understand the main idea, important details, vocabulary and likely question patterns.","the thief's story,main idea,exam practice",Important,Easy,,
English,1.2,Frame one exam question based on 'The Thief's Story' and answer it.,3,"Read the chapter carefully and identify its main idea, key events, characters or message.","The question should test an important idea from the chapter, and the answer should be concise, relevant and text-based.","the thief's story,main idea,exam practice",Important,Medium,,
English,1.2,What is your personal response to 'The Thief's Story'?,3,"Read the chapter carefully and identify its main idea, key events, characters or message.",State your opinion clearly and support it with one reason or reference from the chapter.,"the thief's story,main idea,exam practice",Important,Hard,,
English,1.3,What is the central idea of 'On Wings of Courage'?,2,"Read the chapter carefully and identify its main idea, key events, characters or message.","The central idea is the main message or thought developed through the chapter, explained with reference to its key events, ideas or images.","on wings of courage,main idea,exam practice",Important,Easy,,
English,1.3,Write a short summary of 'On Wings of Courage'.,3,"Read the chapter carefully and identify its main idea, key events, characters or message.",A good summary briefly presents the main events or ideas in logical order without unnecessary details.,"on wings of courage,main idea,exam practice",Important,Medium,,
English,1.3,What important value can a student learn from 'On Wings of Courage'?,2,"Read the chapter carefully and identify its main idea, key events, characters or message.","The lesson can be connected with values such as courage, honesty, perseverance, compassion, wisdom or responsible action, depending on the chapter.","on wings of courage,main idea,exam practice",Important,Easy,,
English,1.3,Explain the title 'On Wings of Courage'.,2,"Read the chapter carefully and identify its main idea, key events, characters or message.","The title is meaningful because it points to the main subject, incident, character, image or message of the chapter.","on wings of courage,main idea,exam practice",Important,Easy,,
English,1.3,Give two important themes in 'On Wings of Courage'.,3,"Read the chapter carefully and identify its main idea, key events, characters or message.",State two major ideas developed in the chapter and support each with a relevant reference from the text.,"on wings of courage,main idea,exam practice",Important,Medium,,
English,1.3,Describe one important character or personality presented in 'On Wings of Courage'.,3,"Read the chapter carefully and identify its main idea, key events, characters or message.","Describe the person's qualities, actions and decisions, and explain how these contribute to the chapter.","on wings of courage,main idea,exam practice",Important,Medium,,
English,1.3,What turning point is important in 'On Wings of Courage'?,3,"Read the chapter carefully and identify its main idea, key events, characters or message.",Identify the event or realization that changes the direction of the narrative or the understanding of the subject.,"on wings of courage,main idea,exam practice",Important,Medium,,
English,1.3,How does 'On Wings of Courage' inspire the reader?,2,"Read the chapter carefully and identify its main idea, key events, characters or message.","It inspires the reader through an idea, experience or example that encourages positive thinking, courage, learning or self-improvement.","on wings of courage,main idea,exam practice",Important,Easy,,
English,1.3,Write one lesson from 'On Wings of Courage' that can be applied in daily life.,2,"Read the chapter carefully and identify its main idea, key events, characters or message.",State the lesson clearly and link it to a practical action or attitude in everyday life.,"on wings of courage,main idea,exam practice",Important,Easy,,
English,1.3,What is the writer's main purpose in 'On Wings of Courage'?,2,"Read the chapter carefully and identify its main idea, key events, characters or message.","The writer's purpose is to communicate the chapter's central idea and make the reader think, feel or learn through the chosen form and examples.","on wings of courage,main idea,exam practice",Important,Easy,,
English,1.3,Find and explain one important contrast in 'On Wings of Courage'.,3,"Read the chapter carefully and identify its main idea, key events, characters or message.","Mention two contrasting ideas, situations or attitudes and explain how the contrast strengthens the chapter's message.","on wings of courage,main idea,exam practice",Important,Medium,,
English,1.3,How does the setting or situation support 'On Wings of Courage'?,2,"Read the chapter carefully and identify its main idea, key events, characters or message.",The setting or situation creates the conditions in which the main events or ideas become meaningful.,"on wings of courage,main idea,exam practice",Important,Easy,,
English,1.3,Write a 4-sentence appreciation of 'On Wings of Courage'.,4,"Read the chapter carefully and identify its main idea, key events, characters or message.","Mention the subject, important idea, notable feature and the reason the chapter is meaningful to readers.","on wings of courage,main idea,exam practice",Important,Hard,,
English,1.3,What makes 'On Wings of Courage' memorable?,2,"Read the chapter carefully and identify its main idea, key events, characters or message.","Its memorable quality comes from its important subject, strong message, characters, incidents, images or emotional effect.","on wings of courage,main idea,exam practice",Important,Easy,,
English,1.3,How can the main message of 'On Wings of Courage' help a weak student?,2,"Read the chapter carefully and identify its main idea, key events, characters or message.","It can encourage steady effort, learning from mistakes and practical improvement instead of giving up.","on wings of courage,main idea,exam practice",Important,Easy,,
English,1.3,Write three keywords related to 'On Wings of Courage'.,1,"Read the chapter carefully and identify its main idea, key events, characters or message.","Choose three keywords directly connected with the chapter's subject, ideas, characters or events.","on wings of courage,main idea,exam practice",Important,Easy,,
English,1.3,Write a short answer on the most important idea in 'On Wings of Courage'.,2,"Read the chapter carefully and identify its main idea, key events, characters or message.",State the idea in one or two clear sentences and support it with one relevant reference.,"on wings of courage,main idea,exam practice",Important,Easy,,
English,1.3,Why should students study 'On Wings of Courage' carefully for examination?,2,"Read the chapter carefully and identify its main idea, key events, characters or message.","Careful study helps students understand the main idea, important details, vocabulary and likely question patterns.","on wings of courage,main idea,exam practice",Important,Easy,,
English,1.3,Frame one exam question based on 'On Wings of Courage' and answer it.,3,"Read the chapter carefully and identify its main idea, key events, characters or message.","The question should test an important idea from the chapter, and the answer should be concise, relevant and text-based.","on wings of courage,main idea,exam practice",Important,Medium,,
English,1.3,What is your personal response to 'On Wings of Courage'?,3,"Read the chapter carefully and identify its main idea, key events, characters or message.",State your opinion clearly and support it with one reason or reference from the chapter.,"on wings of courage,main idea,exam practice",Important,Hard,,
English,1.4,What is the central idea of 'All the World's a Stage'?,2,"Read the chapter carefully and identify its main idea, key events, characters or message.","The central idea is the main message or thought developed through the chapter, explained with reference to its key events, ideas or images.","all the world's a stage,main idea,exam practice",Important,Easy,,
English,1.4,Write a short summary of 'All the World's a Stage'.,3,"Read the chapter carefully and identify its main idea, key events, characters or message.",A good summary briefly presents the main events or ideas in logical order without unnecessary details.,"all the world's a stage,main idea,exam practice",Important,Medium,,
English,1.4,What important value can a student learn from 'All the World's a Stage'?,2,"Read the chapter carefully and identify its main idea, key events, characters or message.","The lesson can be connected with values such as courage, honesty, perseverance, compassion, wisdom or responsible action, depending on the chapter.","all the world's a stage,main idea,exam practice",Important,Easy,,
English,1.4,Explain the title 'All the World's a Stage'.,2,"Read the chapter carefully and identify its main idea, key events, characters or message.","The title is meaningful because it points to the main subject, incident, character, image or message of the chapter.","all the world's a stage,main idea,exam practice",Important,Easy,,
English,1.4,Give two important themes in 'All the World's a Stage'.,3,"Read the chapter carefully and identify its main idea, key events, characters or message.",State two major ideas developed in the chapter and support each with a relevant reference from the text.,"all the world's a stage,main idea,exam practice",Important,Medium,,
English,1.4,Describe one important character or personality presented in 'All the World's a Stage'.,3,"Read the chapter carefully and identify its main idea, key events, characters or message.","Describe the person's qualities, actions and decisions, and explain how these contribute to the chapter.","all the world's a stage,main idea,exam practice",Important,Medium,,
English,1.4,What turning point is important in 'All the World's a Stage'?,3,"Read the chapter carefully and identify its main idea, key events, characters or message.",Identify the event or realization that changes the direction of the narrative or the understanding of the subject.,"all the world's a stage,main idea,exam practice",Important,Medium,,
English,1.4,How does 'All the World's a Stage' inspire the reader?,2,"Read the chapter carefully and identify its main idea, key events, characters or message.","It inspires the reader through an idea, experience or example that encourages positive thinking, courage, learning or self-improvement.","all the world's a stage,main idea,exam practice",Important,Easy,,
English,1.4,Write one lesson from 'All the World's a Stage' that can be applied in daily life.,2,"Read the chapter carefully and identify its main idea, key events, characters or message.",State the lesson clearly and link it to a practical action or attitude in everyday life.,"all the world's a stage,main idea,exam practice",Important,Easy,,
English,1.4,What is the writer's main purpose in 'All the World's a Stage'?,2,"Read the chapter carefully and identify its main idea, key events, characters or message.","The writer's purpose is to communicate the chapter's central idea and make the reader think, feel or learn through the chosen form and examples.","all the world's a stage,main idea,exam practice",Important,Easy,,
English,1.4,Find and explain one important contrast in 'All the World's a Stage'.,3,"Read the chapter carefully and identify its main idea, key events, characters or message.","Mention two contrasting ideas, situations or attitudes and explain how the contrast strengthens the chapter's message.","all the world's a stage,main idea,exam practice",Important,Medium,,
English,1.4,How does the setting or situation support 'All the World's a Stage'?,2,"Read the chapter carefully and identify its main idea, key events, characters or message.",The setting or situation creates the conditions in which the main events or ideas become meaningful.,"all the world's a stage,main idea,exam practice",Important,Easy,,
English,1.4,Write a 4-sentence appreciation of 'All the World's a Stage'.,4,"Read the chapter carefully and identify its main idea, key events, characters or message.","Mention the subject, important idea, notable feature and the reason the chapter is meaningful to readers.","all the world's a stage,main idea,exam practice",Important,Hard,,
English,1.4,What makes 'All the World's a Stage' memorable?,2,"Read the chapter carefully and identify its main idea, key events, characters or message.","Its memorable quality comes from its important subject, strong message, characters, incidents, images or emotional effect.","all the world's a stage,main idea,exam practice",Important,Easy,,
English,1.4,How can the main message of 'All the World's a Stage' help a weak student?,2,"Read the chapter carefully and identify its main idea, key events, characters or message.","It can encourage steady effort, learning from mistakes and practical improvement instead of giving up.","all the world's a stage,main idea,exam practice",Important,Easy,,
English,1.4,Write three keywords related to 'All the World's a Stage'.,1,"Read the chapter carefully and identify its main idea, key events, characters or message.","Choose three keywords directly connected with the chapter's subject, ideas, characters or events.","all the world's a stage,main idea,exam practice",Important,Easy,,
English,1.4,Write a short answer on the most important idea in 'All the World's a Stage'.,2,"Read the chapter carefully and identify its main idea, key events, characters or message.",State the idea in one or two clear sentences and support it with one relevant reference.,"all the world's a stage,main idea,exam practice",Important,Easy,,
English,1.4,Why should students study 'All the World's a Stage' carefully for examination?,2,"Read the chapter carefully and identify its main idea, key events, characters or message.","Careful study helps students understand the main idea, important details, vocabulary and likely question patterns.","all the world's a stage,main idea,exam practice",Important,Easy,,
English,1.4,Frame one exam question based on 'All the World's a Stage' and answer it.,3,"Read the chapter carefully and identify its main idea, key events, characters or message.","The question should test an important idea from the chapter, and the answer should be concise, relevant and text-based.","all the world's a stage,main idea,exam practice",Important,Medium,,
English,1.4,What is your personal response to 'All the World's a Stage'?,3,"Read the chapter carefully and identify its main idea, key events, characters or message.",State your opinion clearly and support it with one reason or reference from the chapter.,"all the world's a stage,main idea,exam practice",Important,Hard,,
English,1.5,What is the central idea of 'Joan of Arc'?,2,"Read the chapter carefully and identify its main idea, key events, characters or message.","The central idea is the main message or thought developed through the chapter, explained with reference to its key events, ideas or images.","joan of arc,main idea,exam practice",Important,Easy,,
English,1.5,Write a short summary of 'Joan of Arc'.,3,"Read the chapter carefully and identify its main idea, key events, characters or message.",A good summary briefly presents the main events or ideas in logical order without unnecessary details.,"joan of arc,main idea,exam practice",Important,Medium,,
English,1.5,What important value can a student learn from 'Joan of Arc'?,2,"Read the chapter carefully and identify its main idea, key events, characters or message.","The lesson can be connected with values such as courage, honesty, perseverance, compassion, wisdom or responsible action, depending on the chapter.","joan of arc,main idea,exam practice",Important,Easy,,
English,1.5,Explain the title 'Joan of Arc'.,2,"Read the chapter carefully and identify its main idea, key events, characters or message.","The title is meaningful because it points to the main subject, incident, character, image or message of the chapter.","joan of arc,main idea,exam practice",Important,Easy,,
English,1.5,Give two important themes in 'Joan of Arc'.,3,"Read the chapter carefully and identify its main idea, key events, characters or message.",State two major ideas developed in the chapter and support each with a relevant reference from the text.,"joan of arc,main idea,exam practice",Important,Medium,,
English,1.5,Describe one important character or personality presented in 'Joan of Arc'.,3,"Read the chapter carefully and identify its main idea, key events, characters or message.","Describe the person's qualities, actions and decisions, and explain how these contribute to the chapter.","joan of arc,main idea,exam practice",Important,Medium,,
English,1.5,What turning point is important in 'Joan of Arc'?,3,"Read the chapter carefully and identify its main idea, key events, characters or message.",Identify the event or realization that changes the direction of the narrative or the understanding of the subject.,"joan of arc,main idea,exam practice",Important,Medium,,
English,1.5,How does 'Joan of Arc' inspire the reader?,2,"Read the chapter carefully and identify its main idea, key events, characters or message.","It inspires the reader through an idea, experience or example that encourages positive thinking, courage, learning or self-improvement.","joan of arc,main idea,exam practice",Important,Easy,,
English,1.5,Write one lesson from 'Joan of Arc' that can be applied in daily life.,2,"Read the chapter carefully and identify its main idea, key events, characters or message.",State the lesson clearly and link it to a practical action or attitude in everyday life.,"joan of arc,main idea,exam practice",Important,Easy,,
English,1.5,What is the writer's main purpose in 'Joan of Arc'?,2,"Read the chapter carefully and identify its main idea, key events, characters or message.","The writer's purpose is to communicate the chapter's central idea and make the reader think, feel or learn through the chosen form and examples.","joan of arc,main idea,exam practice",Important,Easy,,
English,1.5,Find and explain one important contrast in 'Joan of Arc'.,3,"Read the chapter carefully and identify its main idea, key events, characters or message.","Mention two contrasting ideas, situations or attitudes and explain how the contrast strengthens the chapter's message.","joan of arc,main idea,exam practice",Important,Medium,,
English,1.5,How does the setting or situation support 'Joan of Arc'?,2,"Read the chapter carefully and identify its main idea, key events, characters or message.",The setting or situation creates the conditions in which the main events or ideas become meaningful.,"joan of arc,main idea,exam practice",Important,Easy,,
English,1.5,Write a 4-sentence appreciation of 'Joan of Arc'.,4,"Read the chapter carefully and identify its main idea, key events, characters or message.","Mention the subject, important idea, notable feature and the reason the chapter is meaningful to readers.","joan of arc,main idea,exam practice",Important,Hard,,
English,1.5,What makes 'Joan of Arc' memorable?,2,"Read the chapter carefully and identify its main idea, key events, characters or message.","Its memorable quality comes from its important subject, strong message, characters, incidents, images or emotional effect.","joan of arc,main idea,exam practice",Important,Easy,,
English,1.5,How can the main message of 'Joan of Arc' help a weak student?,2,"Read the chapter carefully and identify its main idea, key events, characters or message.","It can encourage steady effort, learning from mistakes and practical improvement instead of giving up.","joan of arc,main idea,exam practice",Important,Easy,,
English,1.5,Write three keywords related to 'Joan of Arc'.,1,"Read the chapter carefully and identify its main idea, key events, characters or message.","Choose three keywords directly connected with the chapter's subject, ideas, characters or events.","joan of arc,main idea,exam practice",Important,Easy,,
English,1.5,Write a short answer on the most important idea in 'Joan of Arc'.,2,"Read the chapter carefully and identify its main idea, key events, characters or message.",State the idea in one or two clear sentences and support it with one relevant reference.,"joan of arc,main idea,exam practice",Important,Easy,,
English,1.5,Why should students study 'Joan of Arc' carefully for examination?,2,"Read the chapter carefully and identify its main idea, key events, characters or message.","Careful study helps students understand the main idea, important details, vocabulary and likely question patterns.","joan of arc,main idea,exam practice",Important,Easy,,
English,1.5,Frame one exam question based on 'Joan of Arc' and answer it.,3,"Read the chapter carefully and identify its main idea, key events, characters or message.","The question should test an important idea from the chapter, and the answer should be concise, relevant and text-based.","joan of arc,main idea,exam practice",Important,Medium,,
English,1.5,What is your personal response to 'Joan of Arc'?,3,"Read the chapter carefully and identify its main idea, key events, characters or message.",State your opinion clearly and support it with one reason or reference from the chapter.,"joan of arc,main idea,exam practice",Important,Hard,,
English,1.6,What is the central idea of 'The Alchemy of Nature'?,2,"Read the chapter carefully and identify its main idea, key events, characters or message.","The central idea is the main message or thought developed through the chapter, explained with reference to its key events, ideas or images.","the alchemy of nature,main idea,exam practice",Important,Easy,,
English,1.6,Write a short summary of 'The Alchemy of Nature'.,3,"Read the chapter carefully and identify its main idea, key events, characters or message.",A good summary briefly presents the main events or ideas in logical order without unnecessary details.,"the alchemy of nature,main idea,exam practice",Important,Medium,,
English,1.6,What important value can a student learn from 'The Alchemy of Nature'?,2,"Read the chapter carefully and identify its main idea, key events, characters or message.","The lesson can be connected with values such as courage, honesty, perseverance, compassion, wisdom or responsible action, depending on the chapter.","the alchemy of nature,main idea,exam practice",Important,Easy,,
English,1.6,Explain the title 'The Alchemy of Nature'.,2,"Read the chapter carefully and identify its main idea, key events, characters or message.","The title is meaningful because it points to the main subject, incident, character, image or message of the chapter.","the alchemy of nature,main idea,exam practice",Important,Easy,,
English,1.6,Give two important themes in 'The Alchemy of Nature'.,3,"Read the chapter carefully and identify its main idea, key events, characters or message.",State two major ideas developed in the chapter and support each with a relevant reference from the text.,"the alchemy of nature,main idea,exam practice",Important,Medium,,
English,1.6,Describe one important character or personality presented in 'The Alchemy of Nature'.,3,"Read the chapter carefully and identify its main idea, key events, characters or message.","Describe the person's qualities, actions and decisions, and explain how these contribute to the chapter.","the alchemy of nature,main idea,exam practice",Important,Medium,,
English,1.6,What turning point is important in 'The Alchemy of Nature'?,3,"Read the chapter carefully and identify its main idea, key events, characters or message.",Identify the event or realization that changes the direction of the narrative or the understanding of the subject.,"the alchemy of nature,main idea,exam practice",Important,Medium,,
English,1.6,How does 'The Alchemy of Nature' inspire the reader?,2,"Read the chapter carefully and identify its main idea, key events, characters or message.","It inspires the reader through an idea, experience or example that encourages positive thinking, courage, learning or self-improvement.","the alchemy of nature,main idea,exam practice",Important,Easy,,
English,1.6,Write one lesson from 'The Alchemy of Nature' that can be applied in daily life.,2,"Read the chapter carefully and identify its main idea, key events, characters or message.",State the lesson clearly and link it to a practical action or attitude in everyday life.,"the alchemy of nature,main idea,exam practice",Important,Easy,,
English,1.6,What is the writer's main purpose in 'The Alchemy of Nature'?,2,"Read the chapter carefully and identify its main idea, key events, characters or message.","The writer's purpose is to communicate the chapter's central idea and make the reader think, feel or learn through the chosen form and examples.","the alchemy of nature,main idea,exam practice",Important,Easy,,
English,1.6,Find and explain one important contrast in 'The Alchemy of Nature'.,3,"Read the chapter carefully and identify its main idea, key events, characters or message.","Mention two contrasting ideas, situations or attitudes and explain how the contrast strengthens the chapter's message.","the alchemy of nature,main idea,exam practice",Important,Medium,,
English,1.6,How does the setting or situation support 'The Alchemy of Nature'?,2,"Read the chapter carefully and identify its main idea, key events, characters or message.",The setting or situation creates the conditions in which the main events or ideas become meaningful.,"the alchemy of nature,main idea,exam practice",Important,Easy,,
English,1.6,Write a 4-sentence appreciation of 'The Alchemy of Nature'.,4,"Read the chapter carefully and identify its main idea, key events, characters or message.","Mention the subject, important idea, notable feature and the reason the chapter is meaningful to readers.","the alchemy of nature,main idea,exam practice",Important,Hard,,
English,1.6,What makes 'The Alchemy of Nature' memorable?,2,"Read the chapter carefully and identify its main idea, key events, characters or message.","Its memorable quality comes from its important subject, strong message, characters, incidents, images or emotional effect.","the alchemy of nature,main idea,exam practice",Important,Easy,,
English,1.6,How can the main message of 'The Alchemy of Nature' help a weak student?,2,"Read the chapter carefully and identify its main idea, key events, characters or message.","It can encourage steady effort, learning from mistakes and practical improvement instead of giving up.","the alchemy of nature,main idea,exam practice",Important,Easy,,
English,1.6,Write three keywords related to 'The Alchemy of Nature'.,1,"Read the chapter carefully and identify its main idea, key events, characters or message.","Choose three keywords directly connected with the chapter's subject, ideas, characters or events.","the alchemy of nature,main idea,exam practice",Important,Easy,,
English,1.6,Write a short answer on the most important idea in 'The Alchemy of Nature'.,2,"Read the chapter carefully and identify its main idea, key events, characters or message.",State the idea in one or two clear sentences and support it with one relevant reference.,"the alchemy of nature,main idea,exam practice",Important,Easy,,
English,1.6,Why should students study 'The Alchemy of Nature' carefully for examination?,2,"Read the chapter carefully and identify its main idea, key events, characters or message.","Careful study helps students understand the main idea, important details, vocabulary and likely question patterns.","the alchemy of nature,main idea,exam practice",Important,Easy,,
English,1.6,Frame one exam question based on 'The Alchemy of Nature' and answer it.,3,"Read the chapter carefully and identify its main idea, key events, characters or message.","The question should test an important idea from the chapter, and the answer should be concise, relevant and text-based.","the alchemy of nature,main idea,exam practice",Important,Medium,,
English,1.6,What is your personal response to 'The Alchemy of Nature'?,3,"Read the chapter carefully and identify its main idea, key events, characters or message.",State your opinion clearly and support it with one reason or reference from the chapter.,"the alchemy of nature,main idea,exam practice",Important,Hard,,
English,2.1,What is the central idea of 'Animals'?,2,"Read the chapter carefully and identify its main idea, key events, characters or message.","The central idea is the main message or thought developed through the chapter, explained with reference to its key events, ideas or images.","animals,main idea,exam practice",Important,Easy,,
English,2.1,Write a short summary of 'Animals'.,3,"Read the chapter carefully and identify its main idea, key events, characters or message.",A good summary briefly presents the main events or ideas in logical order without unnecessary details.,"animals,main idea,exam practice",Important,Medium,,
English,2.1,What important value can a student learn from 'Animals'?,2,"Read the chapter carefully and identify its main idea, key events, characters or message.","The lesson can be connected with values such as courage, honesty, perseverance, compassion, wisdom or responsible action, depending on the chapter.","animals,main idea,exam practice",Important,Easy,,
English,2.1,Explain the title 'Animals'.,2,"Read the chapter carefully and identify its main idea, key events, characters or message.","The title is meaningful because it points to the main subject, incident, character, image or message of the chapter.","animals,main idea,exam practice",Important,Easy,,
English,2.1,Give two important themes in 'Animals'.,3,"Read the chapter carefully and identify its main idea, key events, characters or message.",State two major ideas developed in the chapter and support each with a relevant reference from the text.,"animals,main idea,exam practice",Important,Medium,,
English,2.1,Describe one important character or personality presented in 'Animals'.,3,"Read the chapter carefully and identify its main idea, key events, characters or message.","Describe the person's qualities, actions and decisions, and explain how these contribute to the chapter.","animals,main idea,exam practice",Important,Medium,,
English,2.1,What turning point is important in 'Animals'?,3,"Read the chapter carefully and identify its main idea, key events, characters or message.",Identify the event or realization that changes the direction of the narrative or the understanding of the subject.,"animals,main idea,exam practice",Important,Medium,,
English,2.1,How does 'Animals' inspire the reader?,2,"Read the chapter carefully and identify its main idea, key events, characters or message.","It inspires the reader through an idea, experience or example that encourages positive thinking, courage, learning or self-improvement.","animals,main idea,exam practice",Important,Easy,,
English,2.1,Write one lesson from 'Animals' that can be applied in daily life.,2,"Read the chapter carefully and identify its main idea, key events, characters or message.",State the lesson clearly and link it to a practical action or attitude in everyday life.,"animals,main idea,exam practice",Important,Easy,,
English,2.1,What is the writer's main purpose in 'Animals'?,2,"Read the chapter carefully and identify its main idea, key events, characters or message.","The writer's purpose is to communicate the chapter's central idea and make the reader think, feel or learn through the chosen form and examples.","animals,main idea,exam practice",Important,Easy,,
English,2.1,Find and explain one important contrast in 'Animals'.,3,"Read the chapter carefully and identify its main idea, key events, characters or message.","Mention two contrasting ideas, situations or attitudes and explain how the contrast strengthens the chapter's message.","animals,main idea,exam practice",Important,Medium,,
English,2.1,How does the setting or situation support 'Animals'?,2,"Read the chapter carefully and identify its main idea, key events, characters or message.",The setting or situation creates the conditions in which the main events or ideas become meaningful.,"animals,main idea,exam practice",Important,Easy,,
English,2.1,Write a 4-sentence appreciation of 'Animals'.,4,"Read the chapter carefully and identify its main idea, key events, characters or message.","Mention the subject, important idea, notable feature and the reason the chapter is meaningful to readers.","animals,main idea,exam practice",Important,Hard,,
English,2.1,What makes 'Animals' memorable?,2,"Read the chapter carefully and identify its main idea, key events, characters or message.","Its memorable quality comes from its important subject, strong message, characters, incidents, images or emotional effect.","animals,main idea,exam practice",Important,Easy,,
English,2.1,How can the main message of 'Animals' help a weak student?,2,"Read the chapter carefully and identify its main idea, key events, characters or message.","It can encourage steady effort, learning from mistakes and practical improvement instead of giving up.","animals,main idea,exam practice",Important,Easy,,
English,2.1,Write three keywords related to 'Animals'.,1,"Read the chapter carefully and identify its main idea, key events, characters or message.","Choose three keywords directly connected with the chapter's subject, ideas, characters or events.","animals,main idea,exam practice",Important,Easy,,
English,2.1,Write a short answer on the most important idea in 'Animals'.,2,"Read the chapter carefully and identify its main idea, key events, characters or message.",State the idea in one or two clear sentences and support it with one relevant reference.,"animals,main idea,exam practice",Important,Easy,,
English,2.1,Why should students study 'Animals' carefully for examination?,2,"Read the chapter carefully and identify its main idea, key events, characters or message.","Careful study helps students understand the main idea, important details, vocabulary and likely question patterns.","animals,main idea,exam practice",Important,Easy,,
English,2.1,Frame one exam question based on 'Animals' and answer it.,3,"Read the chapter carefully and identify its main idea, key events, characters or message.","The question should test an important idea from the chapter, and the answer should be concise, relevant and text-based.","animals,main idea,exam practice",Important,Medium,,
English,2.1,What is your personal response to 'Animals'?,3,"Read the chapter carefully and identify its main idea, key events, characters or message.",State your opinion clearly and support it with one reason or reference from the chapter.,"animals,main idea,exam practice",Important,Hard,,
English,2.2,What is the central idea of 'Three Questions'?,2,"Read the chapter carefully and identify its main idea, key events, characters or message.","The central idea is the main message or thought developed through the chapter, explained with reference to its key events, ideas or images.","three questions,main idea,exam practice",Important,Easy,,
English,2.2,Write a short summary of 'Three Questions'.,3,"Read the chapter carefully and identify its main idea, key events, characters or message.",A good summary briefly presents the main events or ideas in logical order without unnecessary details.,"three questions,main idea,exam practice",Important,Medium,,
English,2.2,What important value can a student learn from 'Three Questions'?,2,"Read the chapter carefully and identify its main idea, key events, characters or message.","The lesson can be connected with values such as courage, honesty, perseverance, compassion, wisdom or responsible action, depending on the chapter.","three questions,main idea,exam practice",Important,Easy,,
English,2.2,Explain the title 'Three Questions'.,2,"Read the chapter carefully and identify its main idea, key events, characters or message.","The title is meaningful because it points to the main subject, incident, character, image or message of the chapter.","three questions,main idea,exam practice",Important,Easy,,
English,2.2,Give two important themes in 'Three Questions'.,3,"Read the chapter carefully and identify its main idea, key events, characters or message.",State two major ideas developed in the chapter and support each with a relevant reference from the text.,"three questions,main idea,exam practice",Important,Medium,,
English,2.2,Describe one important character or personality presented in 'Three Questions'.,3,"Read the chapter carefully and identify its main idea, key events, characters or message.","Describe the person's qualities, actions and decisions, and explain how these contribute to the chapter.","three questions,main idea,exam practice",Important,Medium,,
English,2.2,What turning point is important in 'Three Questions'?,3,"Read the chapter carefully and identify its main idea, key events, characters or message.",Identify the event or realization that changes the direction of the narrative or the understanding of the subject.,"three questions,main idea,exam practice",Important,Medium,,
English,2.2,How does 'Three Questions' inspire the reader?,2,"Read the chapter carefully and identify its main idea, key events, characters or message.","It inspires the reader through an idea, experience or example that encourages positive thinking, courage, learning or self-improvement.","three questions,main idea,exam practice",Important,Easy,,
English,2.2,Write one lesson from 'Three Questions' that can be applied in daily life.,2,"Read the chapter carefully and identify its main idea, key events, characters or message.",State the lesson clearly and link it to a practical action or attitude in everyday life.,"three questions,main idea,exam practice",Important,Easy,,
English,2.2,What is the writer's main purpose in 'Three Questions'?,2,"Read the chapter carefully and identify its main idea, key events, characters or message.","The writer's purpose is to communicate the chapter's central idea and make the reader think, feel or learn through the chosen form and examples.","three questions,main idea,exam practice",Important,Easy,,
English,2.2,Find and explain one important contrast in 'Three Questions'.,3,"Read the chapter carefully and identify its main idea, key events, characters or message.","Mention two contrasting ideas, situations or attitudes and explain how the contrast strengthens the chapter's message.","three questions,main idea,exam practice",Important,Medium,,
English,2.2,How does the setting or situation support 'Three Questions'?,2,"Read the chapter carefully and identify its main idea, key events, characters or message.",The setting or situation creates the conditions in which the main events or ideas become meaningful.,"three questions,main idea,exam practice",Important,Easy,,
English,2.2,Write a 4-sentence appreciation of 'Three Questions'.,4,"Read the chapter carefully and identify its main idea, key events, characters or message.","Mention the subject, important idea, notable feature and the reason the chapter is meaningful to readers.","three questions,main idea,exam practice",Important,Hard,,
English,2.2,What makes 'Three Questions' memorable?,2,"Read the chapter carefully and identify its main idea, key events, characters or message.","Its memorable quality comes from its important subject, strong message, characters, incidents, images or emotional effect.","three questions,main idea,exam practice",Important,Easy,,
English,2.2,How can the main message of 'Three Questions' help a weak student?,2,"Read the chapter carefully and identify its main idea, key events, characters or message.","It can encourage steady effort, learning from mistakes and practical improvement instead of giving up.","three questions,main idea,exam practice",Important,Easy,,
English,2.2,Write three keywords related to 'Three Questions'.,1,"Read the chapter carefully and identify its main idea, key events, characters or message.","Choose three keywords directly connected with the chapter's subject, ideas, characters or events.","three questions,main idea,exam practice",Important,Easy,,
English,2.2,Write a short answer on the most important idea in 'Three Questions'.,2,"Read the chapter carefully and identify its main idea, key events, characters or message.",State the idea in one or two clear sentences and support it with one relevant reference.,"three questions,main idea,exam practice",Important,Easy,,
English,2.2,Why should students study 'Three Questions' carefully for examination?,2,"Read the chapter carefully and identify its main idea, key events, characters or message.","Careful study helps students understand the main idea, important details, vocabulary and likely question patterns.","three questions,main idea,exam practice",Important,Easy,,
English,2.2,Frame one exam question based on 'Three Questions' and answer it.,3,"Read the chapter carefully and identify its main idea, key events, characters or message.","The question should test an important idea from the chapter, and the answer should be concise, relevant and text-based.","three questions,main idea,exam practice",Important,Medium,,
English,2.2,What is your personal response to 'Three Questions'?,3,"Read the chapter carefully and identify its main idea, key events, characters or message.",State your opinion clearly and support it with one reason or reference from the chapter.,"three questions,main idea,exam practice",Important,Hard,,
English,2.3,What is the central idea of 'Connecting the Dots'?,2,"Read the chapter carefully and identify its main idea, key events, characters or message.","The central idea is the main message or thought developed through the chapter, explained with reference to its key events, ideas or images.","connecting the dots,main idea,exam practice",Important,Easy,,
English,2.3,Write a short summary of 'Connecting the Dots'.,3,"Read the chapter carefully and identify its main idea, key events, characters or message.",A good summary briefly presents the main events or ideas in logical order without unnecessary details.,"connecting the dots,main idea,exam practice",Important,Medium,,
English,2.3,What important value can a student learn from 'Connecting the Dots'?,2,"Read the chapter carefully and identify its main idea, key events, characters or message.","The lesson can be connected with values such as courage, honesty, perseverance, compassion, wisdom or responsible action, depending on the chapter.","connecting the dots,main idea,exam practice",Important,Easy,,
English,2.3,Explain the title 'Connecting the Dots'.,2,"Read the chapter carefully and identify its main idea, key events, characters or message.","The title is meaningful because it points to the main subject, incident, character, image or message of the chapter.","connecting the dots,main idea,exam practice",Important,Easy,,
English,2.3,Give two important themes in 'Connecting the Dots'.,3,"Read the chapter carefully and identify its main idea, key events, characters or message.",State two major ideas developed in the chapter and support each with a relevant reference from the text.,"connecting the dots,main idea,exam practice",Important,Medium,,
English,2.3,Describe one important character or personality presented in 'Connecting the Dots'.,3,"Read the chapter carefully and identify its main idea, key events, characters or message.","Describe the person's qualities, actions and decisions, and explain how these contribute to the chapter.","connecting the dots,main idea,exam practice",Important,Medium,,
English,2.3,What turning point is important in 'Connecting the Dots'?,3,"Read the chapter carefully and identify its main idea, key events, characters or message.",Identify the event or realization that changes the direction of the narrative or the understanding of the subject.,"connecting the dots,main idea,exam practice",Important,Medium,,
English,2.3,How does 'Connecting the Dots' inspire the reader?,2,"Read the chapter carefully and identify its main idea, key events, characters or message.","It inspires the reader through an idea, experience or example that encourages positive thinking, courage, learning or self-improvement.","connecting the dots,main idea,exam practice",Important,Easy,,
English,2.3,Write one lesson from 'Connecting the Dots' that can be applied in daily life.,2,"Read the chapter carefully and identify its main idea, key events, characters or message.",State the lesson clearly and link it to a practical action or attitude in everyday life.,"connecting the dots,main idea,exam practice",Important,Easy,,
English,2.3,What is the writer's main purpose in 'Connecting the Dots'?,2,"Read the chapter carefully and identify its main idea, key events, characters or message.","The writer's purpose is to communicate the chapter's central idea and make the reader think, feel or learn through the chosen form and examples.","connecting the dots,main idea,exam practice",Important,Easy,,
English,2.3,Find and explain one important contrast in 'Connecting the Dots'.,3,"Read the chapter carefully and identify its main idea, key events, characters or message.","Mention two contrasting ideas, situations or attitudes and explain how the contrast strengthens the chapter's message.","connecting the dots,main idea,exam practice",Important,Medium,,
English,2.3,How does the setting or situation support 'Connecting the Dots'?,2,"Read the chapter carefully and identify its main idea, key events, characters or message.",The setting or situation creates the conditions in which the main events or ideas become meaningful.,"connecting the dots,main idea,exam practice",Important,Easy,,
English,2.3,Write a 4-sentence appreciation of 'Connecting the Dots'.,4,"Read the chapter carefully and identify its main idea, key events, characters or message.","Mention the subject, important idea, notable feature and the reason the chapter is meaningful to readers.","connecting the dots,main idea,exam practice",Important,Hard,,
English,2.3,What makes 'Connecting the Dots' memorable?,2,"Read the chapter carefully and identify its main idea, key events, characters or message.","Its memorable quality comes from its important subject, strong message, characters, incidents, images or emotional effect.","connecting the dots,main idea,exam practice",Important,Easy,,
English,2.3,How can the main message of 'Connecting the Dots' help a weak student?,2,"Read the chapter carefully and identify its main idea, key events, characters or message.","It can encourage steady effort, learning from mistakes and practical improvement instead of giving up.","connecting the dots,main idea,exam practice",Important,Easy,,
English,2.3,Write three keywords related to 'Connecting the Dots'.,1,"Read the chapter carefully and identify its main idea, key events, characters or message.","Choose three keywords directly connected with the chapter's subject, ideas, characters or events.","connecting the dots,main idea,exam practice",Important,Easy,,
English,2.3,Write a short answer on the most important idea in 'Connecting the Dots'.,2,"Read the chapter carefully and identify its main idea, key events, characters or message.",State the idea in one or two clear sentences and support it with one relevant reference.,"connecting the dots,main idea,exam practice",Important,Easy,,
English,2.3,Why should students study 'Connecting the Dots' carefully for examination?,2,"Read the chapter carefully and identify its main idea, key events, characters or message.","Careful study helps students understand the main idea, important details, vocabulary and likely question patterns.","connecting the dots,main idea,exam practice",Important,Easy,,
English,2.3,Frame one exam question based on 'Connecting the Dots' and answer it.,3,"Read the chapter carefully and identify its main idea, key events, characters or message.","The question should test an important idea from the chapter, and the answer should be concise, relevant and text-based.","connecting the dots,main idea,exam practice",Important,Medium,,
English,2.3,What is your personal response to 'Connecting the Dots'?,3,"Read the chapter carefully and identify its main idea, key events, characters or message.",State your opinion clearly and support it with one reason or reference from the chapter.,"connecting the dots,main idea,exam practice",Important,Hard,,
English,2.4,What is the central idea of 'The Pulley'?,2,"Read the chapter carefully and identify its main idea, key events, characters or message.","The central idea is the main message or thought developed through the chapter, explained with reference to its key events, ideas or images.","the pulley,main idea,exam practice",Important,Easy,,
English,2.4,Write a short summary of 'The Pulley'.,3,"Read the chapter carefully and identify its main idea, key events, characters or message.",A good summary briefly presents the main events or ideas in logical order without unnecessary details.,"the pulley,main idea,exam practice",Important,Medium,,
English,2.4,What important value can a student learn from 'The Pulley'?,2,"Read the chapter carefully and identify its main idea, key events, characters or message.","The lesson can be connected with values such as courage, honesty, perseverance, compassion, wisdom or responsible action, depending on the chapter.","the pulley,main idea,exam practice",Important,Easy,,
English,2.4,Explain the title 'The Pulley'.,2,"Read the chapter carefully and identify its main idea, key events, characters or message.","The title is meaningful because it points to the main subject, incident, character, image or message of the chapter.","the pulley,main idea,exam practice",Important,Easy,,
English,2.4,Give two important themes in 'The Pulley'.,3,"Read the chapter carefully and identify its main idea, key events, characters or message.",State two major ideas developed in the chapter and support each with a relevant reference from the text.,"the pulley,main idea,exam practice",Important,Medium,,
English,2.4,Describe one important character or personality presented in 'The Pulley'.,3,"Read the chapter carefully and identify its main idea, key events, characters or message.","Describe the person's qualities, actions and decisions, and explain how these contribute to the chapter.","the pulley,main idea,exam practice",Important,Medium,,
English,2.4,What turning point is important in 'The Pulley'?,3,"Read the chapter carefully and identify its main idea, key events, characters or message.",Identify the event or realization that changes the direction of the narrative or the understanding of the subject.,"the pulley,main idea,exam practice",Important,Medium,,
English,2.4,How does 'The Pulley' inspire the reader?,2,"Read the chapter carefully and identify its main idea, key events, characters or message.","It inspires the reader through an idea, experience or example that encourages positive thinking, courage, learning or self-improvement.","the pulley,main idea,exam practice",Important,Easy,,
English,2.4,Write one lesson from 'The Pulley' that can be applied in daily life.,2,"Read the chapter carefully and identify its main idea, key events, characters or message.",State the lesson clearly and link it to a practical action or attitude in everyday life.,"the pulley,main idea,exam practice",Important,Easy,,
English,2.4,What is the writer's main purpose in 'The Pulley'?,2,"Read the chapter carefully and identify its main idea, key events, characters or message.","The writer's purpose is to communicate the chapter's central idea and make the reader think, feel or learn through the chosen form and examples.","the pulley,main idea,exam practice",Important,Easy,,
English,2.4,Find and explain one important contrast in 'The Pulley'.,3,"Read the chapter carefully and identify its main idea, key events, characters or message.","Mention two contrasting ideas, situations or attitudes and explain how the contrast strengthens the chapter's message.","the pulley,main idea,exam practice",Important,Medium,,
English,2.4,How does the setting or situation support 'The Pulley'?,2,"Read the chapter carefully and identify its main idea, key events, characters or message.",The setting or situation creates the conditions in which the main events or ideas become meaningful.,"the pulley,main idea,exam practice",Important,Easy,,
English,2.4,Write a 4-sentence appreciation of 'The Pulley'.,4,"Read the chapter carefully and identify its main idea, key events, characters or message.","Mention the subject, important idea, notable feature and the reason the chapter is meaningful to readers.","the pulley,main idea,exam practice",Important,Hard,,
English,2.4,What makes 'The Pulley' memorable?,2,"Read the chapter carefully and identify its main idea, key events, characters or message.","Its memorable quality comes from its important subject, strong message, characters, incidents, images or emotional effect.","the pulley,main idea,exam practice",Important,Easy,,
English,2.4,How can the main message of 'The Pulley' help a weak student?,2,"Read the chapter carefully and identify its main idea, key events, characters or message.","It can encourage steady effort, learning from mistakes and practical improvement instead of giving up.","the pulley,main idea,exam practice",Important,Easy,,
English,2.4,Write three keywords related to 'The Pulley'.,1,"Read the chapter carefully and identify its main idea, key events, characters or message.","Choose three keywords directly connected with the chapter's subject, ideas, characters or events.","the pulley,main idea,exam practice",Important,Easy,,
English,2.4,Write a short answer on the most important idea in 'The Pulley'.,2,"Read the chapter carefully and identify its main idea, key events, characters or message.",State the idea in one or two clear sentences and support it with one relevant reference.,"the pulley,main idea,exam practice",Important,Easy,,
English,2.4,Why should students study 'The Pulley' carefully for examination?,2,"Read the chapter carefully and identify its main idea, key events, characters or message.","Careful study helps students understand the main idea, important details, vocabulary and likely question patterns.","the pulley,main idea,exam practice",Important,Easy,,
English,2.4,Frame one exam question based on 'The Pulley' and answer it.,3,"Read the chapter carefully and identify its main idea, key events, characters or message.","The question should test an important idea from the chapter, and the answer should be concise, relevant and text-based.","the pulley,main idea,exam practice",Important,Medium,,
English,2.4,What is your personal response to 'The Pulley'?,3,"Read the chapter carefully and identify its main idea, key events, characters or message.",State your opinion clearly and support it with one reason or reference from the chapter.,"the pulley,main idea,exam practice",Important,Hard,,
English,2.5,What is the central idea of 'Let's March'?,2,"Read the chapter carefully and identify its main idea, key events, characters or message.","The central idea is the main message or thought developed through the chapter, explained with reference to its key events, ideas or images.","let's march,main idea,exam practice",Important,Easy,,
English,2.5,Write a short summary of 'Let's March'.,3,"Read the chapter carefully and identify its main idea, key events, characters or message.",A good summary briefly presents the main events or ideas in logical order without unnecessary details.,"let's march,main idea,exam practice",Important,Medium,,
English,2.5,What important value can a student learn from 'Let's March'?,2,"Read the chapter carefully and identify its main idea, key events, characters or message.","The lesson can be connected with values such as courage, honesty, perseverance, compassion, wisdom or responsible action, depending on the chapter.","let's march,main idea,exam practice",Important,Easy,,
English,2.5,Explain the title 'Let's March'.,2,"Read the chapter carefully and identify its main idea, key events, characters or message.","The title is meaningful because it points to the main subject, incident, character, image or message of the chapter.","let's march,main idea,exam practice",Important,Easy,,
English,2.5,Give two important themes in 'Let's March'.,3,"Read the chapter carefully and identify its main idea, key events, characters or message.",State two major ideas developed in the chapter and support each with a relevant reference from the text.,"let's march,main idea,exam practice",Important,Medium,,
English,2.5,Describe one important character or personality presented in 'Let's March'.,3,"Read the chapter carefully and identify its main idea, key events, characters or message.","Describe the person's qualities, actions and decisions, and explain how these contribute to the chapter.","let's march,main idea,exam practice",Important,Medium,,
English,2.5,What turning point is important in 'Let's March'?,3,"Read the chapter carefully and identify its main idea, key events, characters or message.",Identify the event or realization that changes the direction of the narrative or the understanding of the subject.,"let's march,main idea,exam practice",Important,Medium,,
English,2.5,How does 'Let's March' inspire the reader?,2,"Read the chapter carefully and identify its main idea, key events, characters or message.","It inspires the reader through an idea, experience or example that encourages positive thinking, courage, learning or self-improvement.","let's march,main idea,exam practice",Important,Easy,,
English,2.5,Write one lesson from 'Let's March' that can be applied in daily life.,2,"Read the chapter carefully and identify its main idea, key events, characters or message.",State the lesson clearly and link it to a practical action or attitude in everyday life.,"let's march,main idea,exam practice",Important,Easy,,
English,2.5,What is the writer's main purpose in 'Let's March'?,2,"Read the chapter carefully and identify its main idea, key events, characters or message.","The writer's purpose is to communicate the chapter's central idea and make the reader think, feel or learn through the chosen form and examples.","let's march,main idea,exam practice",Important,Easy,,
English,2.5,Find and explain one important contrast in 'Let's March'.,3,"Read the chapter carefully and identify its main idea, key events, characters or message.","Mention two contrasting ideas, situations or attitudes and explain how the contrast strengthens the chapter's message.","let's march,main idea,exam practice",Important,Medium,,
English,2.5,How does the setting or situation support 'Let's March'?,2,"Read the chapter carefully and identify its main idea, key events, characters or message.",The setting or situation creates the conditions in which the main events or ideas become meaningful.,"let's march,main idea,exam practice",Important,Easy,,
English,2.5,Write a 4-sentence appreciation of 'Let's March'.,4,"Read the chapter carefully and identify its main idea, key events, characters or message.","Mention the subject, important idea, notable feature and the reason the chapter is meaningful to readers.","let's march,main idea,exam practice",Important,Hard,,
English,2.5,What makes 'Let's March' memorable?,2,"Read the chapter carefully and identify its main idea, key events, characters or message.","Its memorable quality comes from its important subject, strong message, characters, incidents, images or emotional effect.","let's march,main idea,exam practice",Important,Easy,,
English,2.5,How can the main message of 'Let's March' help a weak student?,2,"Read the chapter carefully and identify its main idea, key events, characters or message.","It can encourage steady effort, learning from mistakes and practical improvement instead of giving up.","let's march,main idea,exam practice",Important,Easy,,
English,2.5,Write three keywords related to 'Let's March'.,1,"Read the chapter carefully and identify its main idea, key events, characters or message.","Choose three keywords directly connected with the chapter's subject, ideas, characters or events.","let's march,main idea,exam practice",Important,Easy,,
English,2.5,Write a short answer on the most important idea in 'Let's March'.,2,"Read the chapter carefully and identify its main idea, key events, characters or message.",State the idea in one or two clear sentences and support it with one relevant reference.,"let's march,main idea,exam practice",Important,Easy,,
English,2.5,Why should students study 'Let's March' carefully for examination?,2,"Read the chapter carefully and identify its main idea, key events, characters or message.","Careful study helps students understand the main idea, important details, vocabulary and likely question patterns.","let's march,main idea,exam practice",Important,Easy,,
English,2.5,Frame one exam question based on 'Let's March' and answer it.,3,"Read the chapter carefully and identify its main idea, key events, characters or message.","The question should test an important idea from the chapter, and the answer should be concise, relevant and text-based.","let's march,main idea,exam practice",Important,Medium,,
English,2.5,What is your personal response to 'Let's March'?,3,"Read the chapter carefully and identify its main idea, key events, characters or message.",State your opinion clearly and support it with one reason or reference from the chapter.,"let's march,main idea,exam practice",Important,Hard,,
English,2.6,What is the central idea of 'Science and Spirituality'?,2,"Read the chapter carefully and identify its main idea, key events, characters or message.","The central idea is the main message or thought developed through the chapter, explained with reference to its key events, ideas or images.","science and spirituality,main idea,exam practice",Important,Easy,,
English,2.6,Write a short summary of 'Science and Spirituality'.,3,"Read the chapter carefully and identify its main idea, key events, characters or message.",A good summary briefly presents the main events or ideas in logical order without unnecessary details.,"science and spirituality,main idea,exam practice",Important,Medium,,
English,2.6,What important value can a student learn from 'Science and Spirituality'?,2,"Read the chapter carefully and identify its main idea, key events, characters or message.","The lesson can be connected with values such as courage, honesty, perseverance, compassion, wisdom or responsible action, depending on the chapter.","science and spirituality,main idea,exam practice",Important,Easy,,
English,2.6,Explain the title 'Science and Spirituality'.,2,"Read the chapter carefully and identify its main idea, key events, characters or message.","The title is meaningful because it points to the main subject, incident, character, image or message of the chapter.","science and spirituality,main idea,exam practice",Important,Easy,,
English,2.6,Give two important themes in 'Science and Spirituality'.,3,"Read the chapter carefully and identify its main idea, key events, characters or message.",State two major ideas developed in the chapter and support each with a relevant reference from the text.,"science and spirituality,main idea,exam practice",Important,Medium,,
English,2.6,Describe one important character or personality presented in 'Science and Spirituality'.,3,"Read the chapter carefully and identify its main idea, key events, characters or message.","Describe the person's qualities, actions and decisions, and explain how these contribute to the chapter.","science and spirituality,main idea,exam practice",Important,Medium,,
English,2.6,What turning point is important in 'Science and Spirituality'?,3,"Read the chapter carefully and identify its main idea, key events, characters or message.",Identify the event or realization that changes the direction of the narrative or the understanding of the subject.,"science and spirituality,main idea,exam practice",Important,Medium,,
English,2.6,How does 'Science and Spirituality' inspire the reader?,2,"Read the chapter carefully and identify its main idea, key events, characters or message.","It inspires the reader through an idea, experience or example that encourages positive thinking, courage, learning or self-improvement.","science and spirituality,main idea,exam practice",Important,Easy,,
English,2.6,Write one lesson from 'Science and Spirituality' that can be applied in daily life.,2,"Read the chapter carefully and identify its main idea, key events, characters or message.",State the lesson clearly and link it to a practical action or attitude in everyday life.,"science and spirituality,main idea,exam practice",Important,Easy,,
English,2.6,What is the writer's main purpose in 'Science and Spirituality'?,2,"Read the chapter carefully and identify its main idea, key events, characters or message.","The writer's purpose is to communicate the chapter's central idea and make the reader think, feel or learn through the chosen form and examples.","science and spirituality,main idea,exam practice",Important,Easy,,
English,2.6,Find and explain one important contrast in 'Science and Spirituality'.,3,"Read the chapter carefully and identify its main idea, key events, characters or message.","Mention two contrasting ideas, situations or attitudes and explain how the contrast strengthens the chapter's message.","science and spirituality,main idea,exam practice",Important,Medium,,
English,2.6,How does the setting or situation support 'Science and Spirituality'?,2,"Read the chapter carefully and identify its main idea, key events, characters or message.",The setting or situation creates the conditions in which the main events or ideas become meaningful.,"science and spirituality,main idea,exam practice",Important,Easy,,
English,2.6,Write a 4-sentence appreciation of 'Science and Spirituality'.,4,"Read the chapter carefully and identify its main idea, key events, characters or message.","Mention the subject, important idea, notable feature and the reason the chapter is meaningful to readers.","science and spirituality,main idea,exam practice",Important,Hard,,
English,2.6,What makes 'Science and Spirituality' memorable?,2,"Read the chapter carefully and identify its main idea, key events, characters or message.","Its memorable quality comes from its important subject, strong message, characters, incidents, images or emotional effect.","science and spirituality,main idea,exam practice",Important,Easy,,
English,2.6,How can the main message of 'Science and Spirituality' help a weak student?,2,"Read the chapter carefully and identify its main idea, key events, characters or message.","It can encourage steady effort, learning from mistakes and practical improvement instead of giving up.","science and spirituality,main idea,exam practice",Important,Easy,,
English,2.6,Write three keywords related to 'Science and Spirituality'.,1,"Read the chapter carefully and identify its main idea, key events, characters or message.","Choose three keywords directly connected with the chapter's subject, ideas, characters or events.","science and spirituality,main idea,exam practice",Important,Easy,,
English,2.6,Write a short answer on the most important idea in 'Science and Spirituality'.,2,"Read the chapter carefully and identify its main idea, key events, characters or message.",State the idea in one or two clear sentences and support it with one relevant reference.,"science and spirituality,main idea,exam practice",Important,Easy,,
English,2.6,Why should students study 'Science and Spirituality' carefully for examination?,2,"Read the chapter carefully and identify its main idea, key events, characters or message.","Careful study helps students understand the main idea, important details, vocabulary and likely question patterns.","science and spirituality,main idea,exam practice",Important,Easy,,
English,2.6,Frame one exam question based on 'Science and Spirituality' and answer it.,3,"Read the chapter carefully and identify its main idea, key events, characters or message.","The question should test an important idea from the chapter, and the answer should be concise, relevant and text-based.","science and spirituality,main idea,exam practice",Important,Medium,,
English,2.6,What is your personal response to 'Science and Spirituality'?,3,"Read the chapter carefully and identify its main idea, key events, characters or message.",State your opinion clearly and support it with one reason or reference from the chapter.,"science and spirituality,main idea,exam practice",Important,Hard,,
English,3.1,What is the central idea of 'Night of the Scorpion'?,2,"Read the chapter carefully and identify its main idea, key events, characters or message.","The central idea is the main message or thought developed through the chapter, explained with reference to its key events, ideas or images.","night of the scorpion,main idea,exam practice",Important,Easy,,
English,3.1,Write a short summary of 'Night of the Scorpion'.,3,"Read the chapter carefully and identify its main idea, key events, characters or message.",A good summary briefly presents the main events or ideas in logical order without unnecessary details.,"night of the scorpion,main idea,exam practice",Important,Medium,,
English,3.1,What important value can a student learn from 'Night of the Scorpion'?,2,"Read the chapter carefully and identify its main idea, key events, characters or message.","The lesson can be connected with values such as courage, honesty, perseverance, compassion, wisdom or responsible action, depending on the chapter.","night of the scorpion,main idea,exam practice",Important,Easy,,
English,3.1,Explain the title 'Night of the Scorpion'.,2,"Read the chapter carefully and identify its main idea, key events, characters or message.","The title is meaningful because it points to the main subject, incident, character, image or message of the chapter.","night of the scorpion,main idea,exam practice",Important,Easy,,
English,3.1,Give two important themes in 'Night of the Scorpion'.,3,"Read the chapter carefully and identify its main idea, key events, characters or message.",State two major ideas developed in the chapter and support each with a relevant reference from the text.,"night of the scorpion,main idea,exam practice",Important,Medium,,
English,3.1,Describe one important character or personality presented in 'Night of the Scorpion'.,3,"Read the chapter carefully and identify its main idea, key events, characters or message.","Describe the person's qualities, actions and decisions, and explain how these contribute to the chapter.","night of the scorpion,main idea,exam practice",Important,Medium,,
English,3.1,What turning point is important in 'Night of the Scorpion'?,3,"Read the chapter carefully and identify its main idea, key events, characters or message.",Identify the event or realization that changes the direction of the narrative or the understanding of the subject.,"night of the scorpion,main idea,exam practice",Important,Medium,,
English,3.1,How does 'Night of the Scorpion' inspire the reader?,2,"Read the chapter carefully and identify its main idea, key events, characters or message.","It inspires the reader through an idea, experience or example that encourages positive thinking, courage, learning or self-improvement.","night of the scorpion,main idea,exam practice",Important,Easy,,
English,3.1,Write one lesson from 'Night of the Scorpion' that can be applied in daily life.,2,"Read the chapter carefully and identify its main idea, key events, characters or message.",State the lesson clearly and link it to a practical action or attitude in everyday life.,"night of the scorpion,main idea,exam practice",Important,Easy,,
English,3.1,What is the writer's main purpose in 'Night of the Scorpion'?,2,"Read the chapter carefully and identify its main idea, key events, characters or message.","The writer's purpose is to communicate the chapter's central idea and make the reader think, feel or learn through the chosen form and examples.","night of the scorpion,main idea,exam practice",Important,Easy,,
English,3.1,Find and explain one important contrast in 'Night of the Scorpion'.,3,"Read the chapter carefully and identify its main idea, key events, characters or message.","Mention two contrasting ideas, situations or attitudes and explain how the contrast strengthens the chapter's message.","night of the scorpion,main idea,exam practice",Important,Medium,,
English,3.1,How does the setting or situation support 'Night of the Scorpion'?,2,"Read the chapter carefully and identify its main idea, key events, characters or message.",The setting or situation creates the conditions in which the main events or ideas become meaningful.,"night of the scorpion,main idea,exam practice",Important,Easy,,
English,3.1,Write a 4-sentence appreciation of 'Night of the Scorpion'.,4,"Read the chapter carefully and identify its main idea, key events, characters or message.","Mention the subject, important idea, notable feature and the reason the chapter is meaningful to readers.","night of the scorpion,main idea,exam practice",Important,Hard,,
English,3.1,What makes 'Night of the Scorpion' memorable?,2,"Read the chapter carefully and identify its main idea, key events, characters or message.","Its memorable quality comes from its important subject, strong message, characters, incidents, images or emotional effect.","night of the scorpion,main idea,exam practice",Important,Easy,,
English,3.1,How can the main message of 'Night of the Scorpion' help a weak student?,2,"Read the chapter carefully and identify its main idea, key events, characters or message.","It can encourage steady effort, learning from mistakes and practical improvement instead of giving up.","night of the scorpion,main idea,exam practice",Important,Easy,,
English,3.1,Write three keywords related to 'Night of the Scorpion'.,1,"Read the chapter carefully and identify its main idea, key events, characters or message.","Choose three keywords directly connected with the chapter's subject, ideas, characters or events.","night of the scorpion,main idea,exam practice",Important,Easy,,
English,3.1,Write a short answer on the most important idea in 'Night of the Scorpion'.,2,"Read the chapter carefully and identify its main idea, key events, characters or message.",State the idea in one or two clear sentences and support it with one relevant reference.,"night of the scorpion,main idea,exam practice",Important,Easy,,
English,3.1,Why should students study 'Night of the Scorpion' carefully for examination?,2,"Read the chapter carefully and identify its main idea, key events, characters or message.","Careful study helps students understand the main idea, important details, vocabulary and likely question patterns.","night of the scorpion,main idea,exam practice",Important,Easy,,
English,3.1,Frame one exam question based on 'Night of the Scorpion' and answer it.,3,"Read the chapter carefully and identify its main idea, key events, characters or message.","The question should test an important idea from the chapter, and the answer should be concise, relevant and text-based.","night of the scorpion,main idea,exam practice",Important,Medium,,
English,3.1,What is your personal response to 'Night of the Scorpion'?,3,"Read the chapter carefully and identify its main idea, key events, characters or message.",State your opinion clearly and support it with one reason or reference from the chapter.,"night of the scorpion,main idea,exam practice",Important,Hard,,
English,3.2,What is the central idea of 'The Night I Met Einstein'?,2,"Read the chapter carefully and identify its main idea, key events, characters or message.","The central idea is the main message or thought developed through the chapter, explained with reference to its key events, ideas or images.","the night i met einstein,main idea,exam practice",Important,Easy,,
English,3.2,Write a short summary of 'The Night I Met Einstein'.,3,"Read the chapter carefully and identify its main idea, key events, characters or message.",A good summary briefly presents the main events or ideas in logical order without unnecessary details.,"the night i met einstein,main idea,exam practice",Important,Medium,,
English,3.2,What important value can a student learn from 'The Night I Met Einstein'?,2,"Read the chapter carefully and identify its main idea, key events, characters or message.","The lesson can be connected with values such as courage, honesty, perseverance, compassion, wisdom or responsible action, depending on the chapter.","the night i met einstein,main idea,exam practice",Important,Easy,,
English,3.2,Explain the title 'The Night I Met Einstein'.,2,"Read the chapter carefully and identify its main idea, key events, characters or message.","The title is meaningful because it points to the main subject, incident, character, image or message of the chapter.","the night i met einstein,main idea,exam practice",Important,Easy,,
English,3.2,Give two important themes in 'The Night I Met Einstein'.,3,"Read the chapter carefully and identify its main idea, key events, characters or message.",State two major ideas developed in the chapter and support each with a relevant reference from the text.,"the night i met einstein,main idea,exam practice",Important,Medium,,
English,3.2,Describe one important character or personality presented in 'The Night I Met Einstein'.,3,"Read the chapter carefully and identify its main idea, key events, characters or message.","Describe the person's qualities, actions and decisions, and explain how these contribute to the chapter.","the night i met einstein,main idea,exam practice",Important,Medium,,
English,3.2,What turning point is important in 'The Night I Met Einstein'?,3,"Read the chapter carefully and identify its main idea, key events, characters or message.",Identify the event or realization that changes the direction of the narrative or the understanding of the subject.,"the night i met einstein,main idea,exam practice",Important,Medium,,
English,3.2,How does 'The Night I Met Einstein' inspire the reader?,2,"Read the chapter carefully and identify its main idea, key events, characters or message.","It inspires the reader through an idea, experience or example that encourages positive thinking, courage, learning or self-improvement.","the night i met einstein,main idea,exam practice",Important,Easy,,
English,3.2,Write one lesson from 'The Night I Met Einstein' that can be applied in daily life.,2,"Read the chapter carefully and identify its main idea, key events, characters or message.",State the lesson clearly and link it to a practical action or attitude in everyday life.,"the night i met einstein,main idea,exam practice",Important,Easy,,
English,3.2,What is the writer's main purpose in 'The Night I Met Einstein'?,2,"Read the chapter carefully and identify its main idea, key events, characters or message.","The writer's purpose is to communicate the chapter's central idea and make the reader think, feel or learn through the chosen form and examples.","the night i met einstein,main idea,exam practice",Important,Easy,,
English,3.2,Find and explain one important contrast in 'The Night I Met Einstein'.,3,"Read the chapter carefully and identify its main idea, key events, characters or message.","Mention two contrasting ideas, situations or attitudes and explain how the contrast strengthens the chapter's message.","the night i met einstein,main idea,exam practice",Important,Medium,,
English,3.2,How does the setting or situation support 'The Night I Met Einstein'?,2,"Read the chapter carefully and identify its main idea, key events, characters or message.",The setting or situation creates the conditions in which the main events or ideas become meaningful.,"the night i met einstein,main idea,exam practice",Important,Easy,,
English,3.2,Write a 4-sentence appreciation of 'The Night I Met Einstein'.,4,"Read the chapter carefully and identify its main idea, key events, characters or message.","Mention the subject, important idea, notable feature and the reason the chapter is meaningful to readers.","the night i met einstein,main idea,exam practice",Important,Hard,,
English,3.2,What makes 'The Night I Met Einstein' memorable?,2,"Read the chapter carefully and identify its main idea, key events, characters or message.","Its memorable quality comes from its important subject, strong message, characters, incidents, images or emotional effect.","the night i met einstein,main idea,exam practice",Important,Easy,,
English,3.2,How can the main message of 'The Night I Met Einstein' help a weak student?,2,"Read the chapter carefully and identify its main idea, key events, characters or message.","It can encourage steady effort, learning from mistakes and practical improvement instead of giving up.","the night i met einstein,main idea,exam practice",Important,Easy,,
English,3.2,Write three keywords related to 'The Night I Met Einstein'.,1,"Read the chapter carefully and identify its main idea, key events, characters or message.","Choose three keywords directly connected with the chapter's subject, ideas, characters or events.","the night i met einstein,main idea,exam practice",Important,Easy,,
English,3.2,Write a short answer on the most important idea in 'The Night I Met Einstein'.,2,"Read the chapter carefully and identify its main idea, key events, characters or message.",State the idea in one or two clear sentences and support it with one relevant reference.,"the night i met einstein,main idea,exam practice",Important,Easy,,
English,3.2,Why should students study 'The Night I Met Einstein' carefully for examination?,2,"Read the chapter carefully and identify its main idea, key events, characters or message.","Careful study helps students understand the main idea, important details, vocabulary and likely question patterns.","the night i met einstein,main idea,exam practice",Important,Easy,,
English,3.2,Frame one exam question based on 'The Night I Met Einstein' and answer it.,3,"Read the chapter carefully and identify its main idea, key events, characters or message.","The question should test an important idea from the chapter, and the answer should be concise, relevant and text-based.","the night i met einstein,main idea,exam practice",Important,Medium,,
English,3.2,What is your personal response to 'The Night I Met Einstein'?,3,"Read the chapter carefully and identify its main idea, key events, characters or message.",State your opinion clearly and support it with one reason or reference from the chapter.,"the night i met einstein,main idea,exam practice",Important,Hard,,
English,3.3,What is the central idea of 'Stephen Hawking'?,2,"Read the chapter carefully and identify its main idea, key events, characters or message.","The central idea is the main message or thought developed through the chapter, explained with reference to its key events, ideas or images.","stephen hawking,main idea,exam practice",Important,Easy,,
English,3.3,Write a short summary of 'Stephen Hawking'.,3,"Read the chapter carefully and identify its main idea, key events, characters or message.",A good summary briefly presents the main events or ideas in logical order without unnecessary details.,"stephen hawking,main idea,exam practice",Important,Medium,,
English,3.3,What important value can a student learn from 'Stephen Hawking'?,2,"Read the chapter carefully and identify its main idea, key events, characters or message.","The lesson can be connected with values such as courage, honesty, perseverance, compassion, wisdom or responsible action, depending on the chapter.","stephen hawking,main idea,exam practice",Important,Easy,,
English,3.3,Explain the title 'Stephen Hawking'.,2,"Read the chapter carefully and identify its main idea, key events, characters or message.","The title is meaningful because it points to the main subject, incident, character, image or message of the chapter.","stephen hawking,main idea,exam practice",Important,Easy,,
English,3.3,Give two important themes in 'Stephen Hawking'.,3,"Read the chapter carefully and identify its main idea, key events, characters or message.",State two major ideas developed in the chapter and support each with a relevant reference from the text.,"stephen hawking,main idea,exam practice",Important,Medium,,
English,3.3,Describe one important character or personality presented in 'Stephen Hawking'.,3,"Read the chapter carefully and identify its main idea, key events, characters or message.","Describe the person's qualities, actions and decisions, and explain how these contribute to the chapter.","stephen hawking,main idea,exam practice",Important,Medium,,
English,3.3,What turning point is important in 'Stephen Hawking'?,3,"Read the chapter carefully and identify its main idea, key events, characters or message.",Identify the event or realization that changes the direction of the narrative or the understanding of the subject.,"stephen hawking,main idea,exam practice",Important,Medium,,
English,3.3,How does 'Stephen Hawking' inspire the reader?,2,"Read the chapter carefully and identify its main idea, key events, characters or message.","It inspires the reader through an idea, experience or example that encourages positive thinking, courage, learning or self-improvement.","stephen hawking,main idea,exam practice",Important,Easy,,
English,3.3,Write one lesson from 'Stephen Hawking' that can be applied in daily life.,2,"Read the chapter carefully and identify its main idea, key events, characters or message.",State the lesson clearly and link it to a practical action or attitude in everyday life.,"stephen hawking,main idea,exam practice",Important,Easy,,
English,3.3,What is the writer's main purpose in 'Stephen Hawking'?,2,"Read the chapter carefully and identify its main idea, key events, characters or message.","The writer's purpose is to communicate the chapter's central idea and make the reader think, feel or learn through the chosen form and examples.","stephen hawking,main idea,exam practice",Important,Easy,,
English,3.3,Find and explain one important contrast in 'Stephen Hawking'.,3,"Read the chapter carefully and identify its main idea, key events, characters or message.","Mention two contrasting ideas, situations or attitudes and explain how the contrast strengthens the chapter's message.","stephen hawking,main idea,exam practice",Important,Medium,,
English,3.3,How does the setting or situation support 'Stephen Hawking'?,2,"Read the chapter carefully and identify its main idea, key events, characters or message.",The setting or situation creates the conditions in which the main events or ideas become meaningful.,"stephen hawking,main idea,exam practice",Important,Easy,,
English,3.3,Write a 4-sentence appreciation of 'Stephen Hawking'.,4,"Read the chapter carefully and identify its main idea, key events, characters or message.","Mention the subject, important idea, notable feature and the reason the chapter is meaningful to readers.","stephen hawking,main idea,exam practice",Important,Hard,,
English,3.3,What makes 'Stephen Hawking' memorable?,2,"Read the chapter carefully and identify its main idea, key events, characters or message.","Its memorable quality comes from its important subject, strong message, characters, incidents, images or emotional effect.","stephen hawking,main idea,exam practice",Important,Easy,,
English,3.3,How can the main message of 'Stephen Hawking' help a weak student?,2,"Read the chapter carefully and identify its main idea, key events, characters or message.","It can encourage steady effort, learning from mistakes and practical improvement instead of giving up.","stephen hawking,main idea,exam practice",Important,Easy,,
English,3.3,Write three keywords related to 'Stephen Hawking'.,1,"Read the chapter carefully and identify its main idea, key events, characters or message.","Choose three keywords directly connected with the chapter's subject, ideas, characters or events.","stephen hawking,main idea,exam practice",Important,Easy,,
English,3.3,Write a short answer on the most important idea in 'Stephen Hawking'.,2,"Read the chapter carefully and identify its main idea, key events, characters or message.",State the idea in one or two clear sentences and support it with one relevant reference.,"stephen hawking,main idea,exam practice",Important,Easy,,
English,3.3,Why should students study 'Stephen Hawking' carefully for examination?,2,"Read the chapter carefully and identify its main idea, key events, characters or message.","Careful study helps students understand the main idea, important details, vocabulary and likely question patterns.","stephen hawking,main idea,exam practice",Important,Easy,,
English,3.3,Frame one exam question based on 'Stephen Hawking' and answer it.,3,"Read the chapter carefully and identify its main idea, key events, characters or message.","The question should test an important idea from the chapter, and the answer should be concise, relevant and text-based.","stephen hawking,main idea,exam practice",Important,Medium,,
English,3.3,What is your personal response to 'Stephen Hawking'?,3,"Read the chapter carefully and identify its main idea, key events, characters or message.",State your opinion clearly and support it with one reason or reference from the chapter.,"stephen hawking,main idea,exam practice",Important,Hard,,
English,3.4,What is the central idea of 'The Will to Win'?,2,"Read the chapter carefully and identify its main idea, key events, characters or message.","The central idea is the main message or thought developed through the chapter, explained with reference to its key events, ideas or images.","the will to win,main idea,exam practice",Important,Easy,,
English,3.4,Write a short summary of 'The Will to Win'.,3,"Read the chapter carefully and identify its main idea, key events, characters or message.",A good summary briefly presents the main events or ideas in logical order without unnecessary details.,"the will to win,main idea,exam practice",Important,Medium,,
English,3.4,What important value can a student learn from 'The Will to Win'?,2,"Read the chapter carefully and identify its main idea, key events, characters or message.","The lesson can be connected with values such as courage, honesty, perseverance, compassion, wisdom or responsible action, depending on the chapter.","the will to win,main idea,exam practice",Important,Easy,,
English,3.4,Explain the title 'The Will to Win'.,2,"Read the chapter carefully and identify its main idea, key events, characters or message.","The title is meaningful because it points to the main subject, incident, character, image or message of the chapter.","the will to win,main idea,exam practice",Important,Easy,,
English,3.4,Give two important themes in 'The Will to Win'.,3,"Read the chapter carefully and identify its main idea, key events, characters or message.",State two major ideas developed in the chapter and support each with a relevant reference from the text.,"the will to win,main idea,exam practice",Important,Medium,,
English,3.4,Describe one important character or personality presented in 'The Will to Win'.,3,"Read the chapter carefully and identify its main idea, key events, characters or message.","Describe the person's qualities, actions and decisions, and explain how these contribute to the chapter.","the will to win,main idea,exam practice",Important,Medium,,
English,3.4,What turning point is important in 'The Will to Win'?,3,"Read the chapter carefully and identify its main idea, key events, characters or message.",Identify the event or realization that changes the direction of the narrative or the understanding of the subject.,"the will to win,main idea,exam practice",Important,Medium,,
English,3.4,How does 'The Will to Win' inspire the reader?,2,"Read the chapter carefully and identify its main idea, key events, characters or message.","It inspires the reader through an idea, experience or example that encourages positive thinking, courage, learning or self-improvement.","the will to win,main idea,exam practice",Important,Easy,,
English,3.4,Write one lesson from 'The Will to Win' that can be applied in daily life.,2,"Read the chapter carefully and identify its main idea, key events, characters or message.",State the lesson clearly and link it to a practical action or attitude in everyday life.,"the will to win,main idea,exam practice",Important,Easy,,
English,3.4,What is the writer's main purpose in 'The Will to Win'?,2,"Read the chapter carefully and identify its main idea, key events, characters or message.","The writer's purpose is to communicate the chapter's central idea and make the reader think, feel or learn through the chosen form and examples.","the will to win,main idea,exam practice",Important,Easy,,
English,3.4,Find and explain one important contrast in 'The Will to Win'.,3,"Read the chapter carefully and identify its main idea, key events, characters or message.","Mention two contrasting ideas, situations or attitudes and explain how the contrast strengthens the chapter's message.","the will to win,main idea,exam practice",Important,Medium,,
English,3.4,How does the setting or situation support 'The Will to Win'?,2,"Read the chapter carefully and identify its main idea, key events, characters or message.",The setting or situation creates the conditions in which the main events or ideas become meaningful.,"the will to win,main idea,exam practice",Important,Easy,,
English,3.4,Write a 4-sentence appreciation of 'The Will to Win'.,4,"Read the chapter carefully and identify its main idea, key events, characters or message.","Mention the subject, important idea, notable feature and the reason the chapter is meaningful to readers.","the will to win,main idea,exam practice",Important,Hard,,
English,3.4,What makes 'The Will to Win' memorable?,2,"Read the chapter carefully and identify its main idea, key events, characters or message.","Its memorable quality comes from its important subject, strong message, characters, incidents, images or emotional effect.","the will to win,main idea,exam practice",Important,Easy,,
English,3.4,How can the main message of 'The Will to Win' help a weak student?,2,"Read the chapter carefully and identify its main idea, key events, characters or message.","It can encourage steady effort, learning from mistakes and practical improvement instead of giving up.","the will to win,main idea,exam practice",Important,Easy,,
English,3.4,Write three keywords related to 'The Will to Win'.,1,"Read the chapter carefully and identify its main idea, key events, characters or message.","Choose three keywords directly connected with the chapter's subject, ideas, characters or events.","the will to win,main idea,exam practice",Important,Easy,,
English,3.4,Write a short answer on the most important idea in 'The Will to Win'.,2,"Read the chapter carefully and identify its main idea, key events, characters or message.",State the idea in one or two clear sentences and support it with one relevant reference.,"the will to win,main idea,exam practice",Important,Easy,,
English,3.4,Why should students study 'The Will to Win' carefully for examination?,2,"Read the chapter carefully and identify its main idea, key events, characters or message.","Careful study helps students understand the main idea, important details, vocabulary and likely question patterns.","the will to win,main idea,exam practice",Important,Easy,,
English,3.4,Frame one exam question based on 'The Will to Win' and answer it.,3,"Read the chapter carefully and identify its main idea, key events, characters or message.","The question should test an important idea from the chapter, and the answer should be concise, relevant and text-based.","the will to win,main idea,exam practice",Important,Medium,,
English,3.4,What is your personal response to 'The Will to Win'?,3,"Read the chapter carefully and identify its main idea, key events, characters or message.",State your opinion clearly and support it with one reason or reference from the chapter.,"the will to win,main idea,exam practice",Important,Hard,,
English,3.5,What is the central idea of 'Unbeatable Super Mom-Mary Kom'?,2,"Read the chapter carefully and identify its main idea, key events, characters or message.","The central idea is the main message or thought developed through the chapter, explained with reference to its key events, ideas or images.","unbeatable super mom-mary kom,main idea,exam practice",Important,Easy,,
English,3.5,Write a short summary of 'Unbeatable Super Mom-Mary Kom'.,3,"Read the chapter carefully and identify its main idea, key events, characters or message.",A good summary briefly presents the main events or ideas in logical order without unnecessary details.,"unbeatable super mom-mary kom,main idea,exam practice",Important,Medium,,
English,3.5,What important value can a student learn from 'Unbeatable Super Mom-Mary Kom'?,2,"Read the chapter carefully and identify its main idea, key events, characters or message.","The lesson can be connected with values such as courage, honesty, perseverance, compassion, wisdom or responsible action, depending on the chapter.","unbeatable super mom-mary kom,main idea,exam practice",Important,Easy,,
English,3.5,Explain the title 'Unbeatable Super Mom-Mary Kom'.,2,"Read the chapter carefully and identify its main idea, key events, characters or message.","The title is meaningful because it points to the main subject, incident, character, image or message of the chapter.","unbeatable super mom-mary kom,main idea,exam practice",Important,Easy,,
English,3.5,Give two important themes in 'Unbeatable Super Mom-Mary Kom'.,3,"Read the chapter carefully and identify its main idea, key events, characters or message.",State two major ideas developed in the chapter and support each with a relevant reference from the text.,"unbeatable super mom-mary kom,main idea,exam practice",Important,Medium,,
English,3.5,Describe one important character or personality presented in 'Unbeatable Super Mom-Mary Kom'.,3,"Read the chapter carefully and identify its main idea, key events, characters or message.","Describe the person's qualities, actions and decisions, and explain how these contribute to the chapter.","unbeatable super mom-mary kom,main idea,exam practice",Important,Medium,,
English,3.5,What turning point is important in 'Unbeatable Super Mom-Mary Kom'?,3,"Read the chapter carefully and identify its main idea, key events, characters or message.",Identify the event or realization that changes the direction of the narrative or the understanding of the subject.,"unbeatable super mom-mary kom,main idea,exam practice",Important,Medium,,
English,3.5,How does 'Unbeatable Super Mom-Mary Kom' inspire the reader?,2,"Read the chapter carefully and identify its main idea, key events, characters or message.","It inspires the reader through an idea, experience or example that encourages positive thinking, courage, learning or self-improvement.","unbeatable super mom-mary kom,main idea,exam practice",Important,Easy,,
English,3.5,Write one lesson from 'Unbeatable Super Mom-Mary Kom' that can be applied in daily life.,2,"Read the chapter carefully and identify its main idea, key events, characters or message.",State the lesson clearly and link it to a practical action or attitude in everyday life.,"unbeatable super mom-mary kom,main idea,exam practice",Important,Easy,,
English,3.5,What is the writer's main purpose in 'Unbeatable Super Mom-Mary Kom'?,2,"Read the chapter carefully and identify its main idea, key events, characters or message.","The writer's purpose is to communicate the chapter's central idea and make the reader think, feel or learn through the chosen form and examples.","unbeatable super mom-mary kom,main idea,exam practice",Important,Easy,,
English,3.5,Find and explain one important contrast in 'Unbeatable Super Mom-Mary Kom'.,3,"Read the chapter carefully and identify its main idea, key events, characters or message.","Mention two contrasting ideas, situations or attitudes and explain how the contrast strengthens the chapter's message.","unbeatable super mom-mary kom,main idea,exam practice",Important,Medium,,
English,3.5,How does the setting or situation support 'Unbeatable Super Mom-Mary Kom'?,2,"Read the chapter carefully and identify its main idea, key events, characters or message.",The setting or situation creates the conditions in which the main events or ideas become meaningful.,"unbeatable super mom-mary kom,main idea,exam practice",Important,Easy,,
English,3.5,Write a 4-sentence appreciation of 'Unbeatable Super Mom-Mary Kom'.,4,"Read the chapter carefully and identify its main idea, key events, characters or message.","Mention the subject, important idea, notable feature and the reason the chapter is meaningful to readers.","unbeatable super mom-mary kom,main idea,exam practice",Important,Hard,,
English,3.5,What makes 'Unbeatable Super Mom-Mary Kom' memorable?,2,"Read the chapter carefully and identify its main idea, key events, characters or message.","Its memorable quality comes from its important subject, strong message, characters, incidents, images or emotional effect.","unbeatable super mom-mary kom,main idea,exam practice",Important,Easy,,
English,3.5,How can the main message of 'Unbeatable Super Mom-Mary Kom' help a weak student?,2,"Read the chapter carefully and identify its main idea, key events, characters or message.","It can encourage steady effort, learning from mistakes and practical improvement instead of giving up.","unbeatable super mom-mary kom,main idea,exam practice",Important,Easy,,
English,3.5,Write three keywords related to 'Unbeatable Super Mom-Mary Kom'.,1,"Read the chapter carefully and identify its main idea, key events, characters or message.","Choose three keywords directly connected with the chapter's subject, ideas, characters or events.","unbeatable super mom-mary kom,main idea,exam practice",Important,Easy,,
English,3.5,Write a short answer on the most important idea in 'Unbeatable Super Mom-Mary Kom'.,2,"Read the chapter carefully and identify its main idea, key events, characters or message.",State the idea in one or two clear sentences and support it with one relevant reference.,"unbeatable super mom-mary kom,main idea,exam practice",Important,Easy,,
English,3.5,Why should students study 'Unbeatable Super Mom-Mary Kom' carefully for examination?,2,"Read the chapter carefully and identify its main idea, key events, characters or message.","Careful study helps students understand the main idea, important details, vocabulary and likely question patterns.","unbeatable super mom-mary kom,main idea,exam practice",Important,Easy,,
English,3.5,Frame one exam question based on 'Unbeatable Super Mom-Mary Kom' and answer it.,3,"Read the chapter carefully and identify its main idea, key events, characters or message.","The question should test an important idea from the chapter, and the answer should be concise, relevant and text-based.","unbeatable super mom-mary kom,main idea,exam practice",Important,Medium,,
English,3.5,What is your personal response to 'Unbeatable Super Mom-Mary Kom'?,3,"Read the chapter carefully and identify its main idea, key events, characters or message.",State your opinion clearly and support it with one reason or reference from the chapter.,"unbeatable super mom-mary kom,main idea,exam practice",Important,Hard,,
English,3.6,What is the central idea of 'The Concert'?,2,"Read the chapter carefully and identify its main idea, key events, characters or message.","The central idea is the main message or thought developed through the chapter, explained with reference to its key events, ideas or images.","the concert,main idea,exam practice",Important,Easy,,
English,3.6,Write a short summary of 'The Concert'.,3,"Read the chapter carefully and identify its main idea, key events, characters or message.",A good summary briefly presents the main events or ideas in logical order without unnecessary details.,"the concert,main idea,exam practice",Important,Medium,,
English,3.6,What important value can a student learn from 'The Concert'?,2,"Read the chapter carefully and identify its main idea, key events, characters or message.","The lesson can be connected with values such as courage, honesty, perseverance, compassion, wisdom or responsible action, depending on the chapter.","the concert,main idea,exam practice",Important,Easy,,
English,3.6,Explain the title 'The Concert'.,2,"Read the chapter carefully and identify its main idea, key events, characters or message.","The title is meaningful because it points to the main subject, incident, character, image or message of the chapter.","the concert,main idea,exam practice",Important,Easy,,
English,3.6,Give two important themes in 'The Concert'.,3,"Read the chapter carefully and identify its main idea, key events, characters or message.",State two major ideas developed in the chapter and support each with a relevant reference from the text.,"the concert,main idea,exam practice",Important,Medium,,
English,3.6,Describe one important character or personality presented in 'The Concert'.,3,"Read the chapter carefully and identify its main idea, key events, characters or message.","Describe the person's qualities, actions and decisions, and explain how these contribute to the chapter.","the concert,main idea,exam practice",Important,Medium,,
English,3.6,What turning point is important in 'The Concert'?,3,"Read the chapter carefully and identify its main idea, key events, characters or message.",Identify the event or realization that changes the direction of the narrative or the understanding of the subject.,"the concert,main idea,exam practice",Important,Medium,,
English,3.6,How does 'The Concert' inspire the reader?,2,"Read the chapter carefully and identify its main idea, key events, characters or message.","It inspires the reader through an idea, experience or example that encourages positive thinking, courage, learning or self-improvement.","the concert,main idea,exam practice",Important,Easy,,
English,3.6,Write one lesson from 'The Concert' that can be applied in daily life.,2,"Read the chapter carefully and identify its main idea, key events, characters or message.",State the lesson clearly and link it to a practical action or attitude in everyday life.,"the concert,main idea,exam practice",Important,Easy,,
English,3.6,What is the writer's main purpose in 'The Concert'?,2,"Read the chapter carefully and identify its main idea, key events, characters or message.","The writer's purpose is to communicate the chapter's central idea and make the reader think, feel or learn through the chosen form and examples.","the concert,main idea,exam practice",Important,Easy,,
English,3.6,Find and explain one important contrast in 'The Concert'.,3,"Read the chapter carefully and identify its main idea, key events, characters or message.","Mention two contrasting ideas, situations or attitudes and explain how the contrast strengthens the chapter's message.","the concert,main idea,exam practice",Important,Medium,,
English,3.6,How does the setting or situation support 'The Concert'?,2,"Read the chapter carefully and identify its main idea, key events, characters or message.",The setting or situation creates the conditions in which the main events or ideas become meaningful.,"the concert,main idea,exam practice",Important,Easy,,
English,3.6,Write a 4-sentence appreciation of 'The Concert'.,4,"Read the chapter carefully and identify its main idea, key events, characters or message.","Mention the subject, important idea, notable feature and the reason the chapter is meaningful to readers.","the concert,main idea,exam practice",Important,Hard,,
English,3.6,What makes 'The Concert' memorable?,2,"Read the chapter carefully and identify its main idea, key events, characters or message.","Its memorable quality comes from its important subject, strong message, characters, incidents, images or emotional effect.","the concert,main idea,exam practice",Important,Easy,,
English,3.6,How can the main message of 'The Concert' help a weak student?,2,"Read the chapter carefully and identify its main idea, key events, characters or message.","It can encourage steady effort, learning from mistakes and practical improvement instead of giving up.","the concert,main idea,exam practice",Important,Easy,,
English,3.6,Write three keywords related to 'The Concert'.,1,"Read the chapter carefully and identify its main idea, key events, characters or message.","Choose three keywords directly connected with the chapter's subject, ideas, characters or events.","the concert,main idea,exam practice",Important,Easy,,
English,3.6,Write a short answer on the most important idea in 'The Concert'.,2,"Read the chapter carefully and identify its main idea, key events, characters or message.",State the idea in one or two clear sentences and support it with one relevant reference.,"the concert,main idea,exam practice",Important,Easy,,
English,3.6,Why should students study 'The Concert' carefully for examination?,2,"Read the chapter carefully and identify its main idea, key events, characters or message.","Careful study helps students understand the main idea, important details, vocabulary and likely question patterns.","the concert,main idea,exam practice",Important,Easy,,
English,3.6,Frame one exam question based on 'The Concert' and answer it.,3,"Read the chapter carefully and identify its main idea, key events, characters or message.","The question should test an important idea from the chapter, and the answer should be concise, relevant and text-based.","the concert,main idea,exam practice",Important,Medium,,
English,3.6,What is your personal response to 'The Concert'?,3,"Read the chapter carefully and identify its main idea, key events, characters or message.",State your opinion clearly and support it with one reason or reference from the chapter.,"the concert,main idea,exam practice",Important,Hard,,
English,4.1,What is the central idea of 'A Thing of Beauty is a Joy For Ever'?,2,"Read the chapter carefully and identify its main idea, key events, characters or message.","The central idea is the main message or thought developed through the chapter, explained with reference to its key events, ideas or images.","a thing of beauty is a joy for ever,main idea,exam practice",Important,Easy,,
English,4.1,Write a short summary of 'A Thing of Beauty is a Joy For Ever'.,3,"Read the chapter carefully and identify its main idea, key events, characters or message.",A good summary briefly presents the main events or ideas in logical order without unnecessary details.,"a thing of beauty is a joy for ever,main idea,exam practice",Important,Medium,,
English,4.1,What important value can a student learn from 'A Thing of Beauty is a Joy For Ever'?,2,"Read the chapter carefully and identify its main idea, key events, characters or message.","The lesson can be connected with values such as courage, honesty, perseverance, compassion, wisdom or responsible action, depending on the chapter.","a thing of beauty is a joy for ever,main idea,exam practice",Important,Easy,,
English,4.1,Explain the title 'A Thing of Beauty is a Joy For Ever'.,2,"Read the chapter carefully and identify its main idea, key events, characters or message.","The title is meaningful because it points to the main subject, incident, character, image or message of the chapter.","a thing of beauty is a joy for ever,main idea,exam practice",Important,Easy,,
English,4.1,Give two important themes in 'A Thing of Beauty is a Joy For Ever'.,3,"Read the chapter carefully and identify its main idea, key events, characters or message.",State two major ideas developed in the chapter and support each with a relevant reference from the text.,"a thing of beauty is a joy for ever,main idea,exam practice",Important,Medium,,
English,4.1,Describe one important character or personality presented in 'A Thing of Beauty is a Joy For Ever'.,3,"Read the chapter carefully and identify its main idea, key events, characters or message.","Describe the person's qualities, actions and decisions, and explain how these contribute to the chapter.","a thing of beauty is a joy for ever,main idea,exam practice",Important,Medium,,
English,4.1,What turning point is important in 'A Thing of Beauty is a Joy For Ever'?,3,"Read the chapter carefully and identify its main idea, key events, characters or message.",Identify the event or realization that changes the direction of the narrative or the understanding of the subject.,"a thing of beauty is a joy for ever,main idea,exam practice",Important,Medium,,
English,4.1,How does 'A Thing of Beauty is a Joy For Ever' inspire the reader?,2,"Read the chapter carefully and identify its main idea, key events, characters or message.","It inspires the reader through an idea, experience or example that encourages positive thinking, courage, learning or self-improvement.","a thing of beauty is a joy for ever,main idea,exam practice",Important,Easy,,
English,4.1,Write one lesson from 'A Thing of Beauty is a Joy For Ever' that can be applied in daily life.,2,"Read the chapter carefully and identify its main idea, key events, characters or message.",State the lesson clearly and link it to a practical action or attitude in everyday life.,"a thing of beauty is a joy for ever,main idea,exam practice",Important,Easy,,
English,4.1,What is the writer's main purpose in 'A Thing of Beauty is a Joy For Ever'?,2,"Read the chapter carefully and identify its main idea, key events, characters or message.","The writer's purpose is to communicate the chapter's central idea and make the reader think, feel or learn through the chosen form and examples.","a thing of beauty is a joy for ever,main idea,exam practice",Important,Easy,,
English,4.1,Find and explain one important contrast in 'A Thing of Beauty is a Joy For Ever'.,3,"Read the chapter carefully and identify its main idea, key events, characters or message.","Mention two contrasting ideas, situations or attitudes and explain how the contrast strengthens the chapter's message.","a thing of beauty is a joy for ever,main idea,exam practice",Important,Medium,,
English,4.1,How does the setting or situation support 'A Thing of Beauty is a Joy For Ever'?,2,"Read the chapter carefully and identify its main idea, key events, characters or message.",The setting or situation creates the conditions in which the main events or ideas become meaningful.,"a thing of beauty is a joy for ever,main idea,exam practice",Important,Easy,,
English,4.1,Write a 4-sentence appreciation of 'A Thing of Beauty is a Joy For Ever'.,4,"Read the chapter carefully and identify its main idea, key events, characters or message.","Mention the subject, important idea, notable feature and the reason the chapter is meaningful to readers.","a thing of beauty is a joy for ever,main idea,exam practice",Important,Hard,,
English,4.1,What makes 'A Thing of Beauty is a Joy For Ever' memorable?,2,"Read the chapter carefully and identify its main idea, key events, characters or message.","Its memorable quality comes from its important subject, strong message, characters, incidents, images or emotional effect.","a thing of beauty is a joy for ever,main idea,exam practice",Important,Easy,,
English,4.1,How can the main message of 'A Thing of Beauty is a Joy For Ever' help a weak student?,2,"Read the chapter carefully and identify its main idea, key events, characters or message.","It can encourage steady effort, learning from mistakes and practical improvement instead of giving up.","a thing of beauty is a joy for ever,main idea,exam practice",Important,Easy,,
English,4.1,Write three keywords related to 'A Thing of Beauty is a Joy For Ever'.,1,"Read the chapter carefully and identify its main idea, key events, characters or message.","Choose three keywords directly connected with the chapter's subject, ideas, characters or events.","a thing of beauty is a joy for ever,main idea,exam practice",Important,Easy,,
English,4.1,Write a short answer on the most important idea in 'A Thing of Beauty is a Joy For Ever'.,2,"Read the chapter carefully and identify its main idea, key events, characters or message.",State the idea in one or two clear sentences and support it with one relevant reference.,"a thing of beauty is a joy for ever,main idea,exam practice",Important,Easy,,
English,4.1,Why should students study 'A Thing of Beauty is a Joy For Ever' carefully for examination?,2,"Read the chapter carefully and identify its main idea, key events, characters or message.","Careful study helps students understand the main idea, important details, vocabulary and likely question patterns.","a thing of beauty is a joy for ever,main idea,exam practice",Important,Easy,,
English,4.1,Frame one exam question based on 'A Thing of Beauty is a Joy For Ever' and answer it.,3,"Read the chapter carefully and identify its main idea, key events, characters or message.","The question should test an important idea from the chapter, and the answer should be concise, relevant and text-based.","a thing of beauty is a joy for ever,main idea,exam practice",Important,Medium,,
English,4.1,What is your personal response to 'A Thing of Beauty is a Joy For Ever'?,3,"Read the chapter carefully and identify its main idea, key events, characters or message.",State your opinion clearly and support it with one reason or reference from the chapter.,"a thing of beauty is a joy for ever,main idea,exam practice",Important,Hard,,
English,4.2,What is the central idea of 'The Luncheon'?,2,"Read the chapter carefully and identify its main idea, key events, characters or message.","The central idea is the main message or thought developed through the chapter, explained with reference to its key events, ideas or images.","the luncheon,main idea,exam practice",Important,Easy,,
English,4.2,Write a short summary of 'The Luncheon'.,3,"Read the chapter carefully and identify its main idea, key events, characters or message.",A good summary briefly presents the main events or ideas in logical order without unnecessary details.,"the luncheon,main idea,exam practice",Important,Medium,,
English,4.2,What important value can a student learn from 'The Luncheon'?,2,"Read the chapter carefully and identify its main idea, key events, characters or message.","The lesson can be connected with values such as courage, honesty, perseverance, compassion, wisdom or responsible action, depending on the chapter.","the luncheon,main idea,exam practice",Important,Easy,,
English,4.2,Explain the title 'The Luncheon'.,2,"Read the chapter carefully and identify its main idea, key events, characters or message.","The title is meaningful because it points to the main subject, incident, character, image or message of the chapter.","the luncheon,main idea,exam practice",Important,Easy,,
English,4.2,Give two important themes in 'The Luncheon'.,3,"Read the chapter carefully and identify its main idea, key events, characters or message.",State two major ideas developed in the chapter and support each with a relevant reference from the text.,"the luncheon,main idea,exam practice",Important,Medium,,
English,4.2,Describe one important character or personality presented in 'The Luncheon'.,3,"Read the chapter carefully and identify its main idea, key events, characters or message.","Describe the person's qualities, actions and decisions, and explain how these contribute to the chapter.","the luncheon,main idea,exam practice",Important,Medium,,
English,4.2,What turning point is important in 'The Luncheon'?,3,"Read the chapter carefully and identify its main idea, key events, characters or message.",Identify the event or realization that changes the direction of the narrative or the understanding of the subject.,"the luncheon,main idea,exam practice",Important,Medium,,
English,4.2,How does 'The Luncheon' inspire the reader?,2,"Read the chapter carefully and identify its main idea, key events, characters or message.","It inspires the reader through an idea, experience or example that encourages positive thinking, courage, learning or self-improvement.","the luncheon,main idea,exam practice",Important,Easy,,
English,4.2,Write one lesson from 'The Luncheon' that can be applied in daily life.,2,"Read the chapter carefully and identify its main idea, key events, characters or message.",State the lesson clearly and link it to a practical action or attitude in everyday life.,"the luncheon,main idea,exam practice",Important,Easy,,
English,4.2,What is the writer's main purpose in 'The Luncheon'?,2,"Read the chapter carefully and identify its main idea, key events, characters or message.","The writer's purpose is to communicate the chapter's central idea and make the reader think, feel or learn through the chosen form and examples.","the luncheon,main idea,exam practice",Important,Easy,,
English,4.2,Find and explain one important contrast in 'The Luncheon'.,3,"Read the chapter carefully and identify its main idea, key events, characters or message.","Mention two contrasting ideas, situations or attitudes and explain how the contrast strengthens the chapter's message.","the luncheon,main idea,exam practice",Important,Medium,,
English,4.2,How does the setting or situation support 'The Luncheon'?,2,"Read the chapter carefully and identify its main idea, key events, characters or message.",The setting or situation creates the conditions in which the main events or ideas become meaningful.,"the luncheon,main idea,exam practice",Important,Easy,,
English,4.2,Write a 4-sentence appreciation of 'The Luncheon'.,4,"Read the chapter carefully and identify its main idea, key events, characters or message.","Mention the subject, important idea, notable feature and the reason the chapter is meaningful to readers.","the luncheon,main idea,exam practice",Important,Hard,,
English,4.2,What makes 'The Luncheon' memorable?,2,"Read the chapter carefully and identify its main idea, key events, characters or message.","Its memorable quality comes from its important subject, strong message, characters, incidents, images or emotional effect.","the luncheon,main idea,exam practice",Important,Easy,,
English,4.2,How can the main message of 'The Luncheon' help a weak student?,2,"Read the chapter carefully and identify its main idea, key events, characters or message.","It can encourage steady effort, learning from mistakes and practical improvement instead of giving up.","the luncheon,main idea,exam practice",Important,Easy,,
English,4.2,Write three keywords related to 'The Luncheon'.,1,"Read the chapter carefully and identify its main idea, key events, characters or message.","Choose three keywords directly connected with the chapter's subject, ideas, characters or events.","the luncheon,main idea,exam practice",Important,Easy,,
English,4.2,Write a short answer on the most important idea in 'The Luncheon'.,2,"Read the chapter carefully and identify its main idea, key events, characters or message.",State the idea in one or two clear sentences and support it with one relevant reference.,"the luncheon,main idea,exam practice",Important,Easy,,
English,4.2,Why should students study 'The Luncheon' carefully for examination?,2,"Read the chapter carefully and identify its main idea, key events, characters or message.","Careful study helps students understand the main idea, important details, vocabulary and likely question patterns.","the luncheon,main idea,exam practice",Important,Easy,,
English,4.2,Frame one exam question based on 'The Luncheon' and answer it.,3,"Read the chapter carefully and identify its main idea, key events, characters or message.","The question should test an important idea from the chapter, and the answer should be concise, relevant and text-based.","the luncheon,main idea,exam practice",Important,Medium,,
English,4.2,What is your personal response to 'The Luncheon'?,3,"Read the chapter carefully and identify its main idea, key events, characters or message.",State your opinion clearly and support it with one reason or reference from the chapter.,"the luncheon,main idea,exam practice",Important,Hard,,
English,4.3,What is the central idea of 'World Heritage'?,2,"Read the chapter carefully and identify its main idea, key events, characters or message.","The central idea is the main message or thought developed through the chapter, explained with reference to its key events, ideas or images.","world heritage,main idea,exam practice",Important,Easy,,
English,4.3,Write a short summary of 'World Heritage'.,3,"Read the chapter carefully and identify its main idea, key events, characters or message.",A good summary briefly presents the main events or ideas in logical order without unnecessary details.,"world heritage,main idea,exam practice",Important,Medium,,
English,4.3,What important value can a student learn from 'World Heritage'?,2,"Read the chapter carefully and identify its main idea, key events, characters or message.","The lesson can be connected with values such as courage, honesty, perseverance, compassion, wisdom or responsible action, depending on the chapter.","world heritage,main idea,exam practice",Important,Easy,,
English,4.3,Explain the title 'World Heritage'.,2,"Read the chapter carefully and identify its main idea, key events, characters or message.","The title is meaningful because it points to the main subject, incident, character, image or message of the chapter.","world heritage,main idea,exam practice",Important,Easy,,
English,4.3,Give two important themes in 'World Heritage'.,3,"Read the chapter carefully and identify its main idea, key events, characters or message.",State two major ideas developed in the chapter and support each with a relevant reference from the text.,"world heritage,main idea,exam practice",Important,Medium,,
English,4.3,Describe one important character or personality presented in 'World Heritage'.,3,"Read the chapter carefully and identify its main idea, key events, characters or message.","Describe the person's qualities, actions and decisions, and explain how these contribute to the chapter.","world heritage,main idea,exam practice",Important,Medium,,
English,4.3,What turning point is important in 'World Heritage'?,3,"Read the chapter carefully and identify its main idea, key events, characters or message.",Identify the event or realization that changes the direction of the narrative or the understanding of the subject.,"world heritage,main idea,exam practice",Important,Medium,,
English,4.3,How does 'World Heritage' inspire the reader?,2,"Read the chapter carefully and identify its main idea, key events, characters or message.","It inspires the reader through an idea, experience or example that encourages positive thinking, courage, learning or self-improvement.","world heritage,main idea,exam practice",Important,Easy,,
English,4.3,Write one lesson from 'World Heritage' that can be applied in daily life.,2,"Read the chapter carefully and identify its main idea, key events, characters or message.",State the lesson clearly and link it to a practical action or attitude in everyday life.,"world heritage,main idea,exam practice",Important,Easy,,
English,4.3,What is the writer's main purpose in 'World Heritage'?,2,"Read the chapter carefully and identify its main idea, key events, characters or message.","The writer's purpose is to communicate the chapter's central idea and make the reader think, feel or learn through the chosen form and examples.","world heritage,main idea,exam practice",Important,Easy,,
English,4.3,Find and explain one important contrast in 'World Heritage'.,3,"Read the chapter carefully and identify its main idea, key events, characters or message.","Mention two contrasting ideas, situations or attitudes and explain how the contrast strengthens the chapter's message.","world heritage,main idea,exam practice",Important,Medium,,
English,4.3,How does the setting or situation support 'World Heritage'?,2,"Read the chapter carefully and identify its main idea, key events, characters or message.",The setting or situation creates the conditions in which the main events or ideas become meaningful.,"world heritage,main idea,exam practice",Important,Easy,,
English,4.3,Write a 4-sentence appreciation of 'World Heritage'.,4,"Read the chapter carefully and identify its main idea, key events, characters or message.","Mention the subject, important idea, notable feature and the reason the chapter is meaningful to readers.","world heritage,main idea,exam practice",Important,Hard,,
English,4.3,What makes 'World Heritage' memorable?,2,"Read the chapter carefully and identify its main idea, key events, characters or message.","Its memorable quality comes from its important subject, strong message, characters, incidents, images or emotional effect.","world heritage,main idea,exam practice",Important,Easy,,
English,4.3,How can the main message of 'World Heritage' help a weak student?,2,"Read the chapter carefully and identify its main idea, key events, characters or message.","It can encourage steady effort, learning from mistakes and practical improvement instead of giving up.","world heritage,main idea,exam practice",Important,Easy,,
English,4.3,Write three keywords related to 'World Heritage'.,1,"Read the chapter carefully and identify its main idea, key events, characters or message.","Choose three keywords directly connected with the chapter's subject, ideas, characters or events.","world heritage,main idea,exam practice",Important,Easy,,
English,4.3,Write a short answer on the most important idea in 'World Heritage'.,2,"Read the chapter carefully and identify its main idea, key events, characters or message.",State the idea in one or two clear sentences and support it with one relevant reference.,"world heritage,main idea,exam practice",Important,Easy,,
English,4.3,Why should students study 'World Heritage' carefully for examination?,2,"Read the chapter carefully and identify its main idea, key events, characters or message.","Careful study helps students understand the main idea, important details, vocabulary and likely question patterns.","world heritage,main idea,exam practice",Important,Easy,,
English,4.3,Frame one exam question based on 'World Heritage' and answer it.,3,"Read the chapter carefully and identify its main idea, key events, characters or message.","The question should test an important idea from the chapter, and the answer should be concise, relevant and text-based.","world heritage,main idea,exam practice",Important,Medium,,
English,4.3,What is your personal response to 'World Heritage'?,3,"Read the chapter carefully and identify its main idea, key events, characters or message.",State your opinion clearly and support it with one reason or reference from the chapter.,"world heritage,main idea,exam practice",Important,Hard,,
English,4.4,What is the central idea of 'The Height of the Ridiculous'?,2,"Read the chapter carefully and identify its main idea, key events, characters or message.","The central idea is the main message or thought developed through the chapter, explained with reference to its key events, ideas or images.","the height of the ridiculous,main idea,exam practice",Important,Easy,,
English,4.4,Write a short summary of 'The Height of the Ridiculous'.,3,"Read the chapter carefully and identify its main idea, key events, characters or message.",A good summary briefly presents the main events or ideas in logical order without unnecessary details.,"the height of the ridiculous,main idea,exam practice",Important,Medium,,
English,4.4,What important value can a student learn from 'The Height of the Ridiculous'?,2,"Read the chapter carefully and identify its main idea, key events, characters or message.","The lesson can be connected with values such as courage, honesty, perseverance, compassion, wisdom or responsible action, depending on the chapter.","the height of the ridiculous,main idea,exam practice",Important,Easy,,
English,4.4,Explain the title 'The Height of the Ridiculous'.,2,"Read the chapter carefully and identify its main idea, key events, characters or message.","The title is meaningful because it points to the main subject, incident, character, image or message of the chapter.","the height of the ridiculous,main idea,exam practice",Important,Easy,,
English,4.4,Give two important themes in 'The Height of the Ridiculous'.,3,"Read the chapter carefully and identify its main idea, key events, characters or message.",State two major ideas developed in the chapter and support each with a relevant reference from the text.,"the height of the ridiculous,main idea,exam practice",Important,Medium,,
English,4.4,Describe one important character or personality presented in 'The Height of the Ridiculous'.,3,"Read the chapter carefully and identify its main idea, key events, characters or message.","Describe the person's qualities, actions and decisions, and explain how these contribute to the chapter.","the height of the ridiculous,main idea,exam practice",Important,Medium,,
English,4.4,What turning point is important in 'The Height of the Ridiculous'?,3,"Read the chapter carefully and identify its main idea, key events, characters or message.",Identify the event or realization that changes the direction of the narrative or the understanding of the subject.,"the height of the ridiculous,main idea,exam practice",Important,Medium,,
English,4.4,How does 'The Height of the Ridiculous' inspire the reader?,2,"Read the chapter carefully and identify its main idea, key events, characters or message.","It inspires the reader through an idea, experience or example that encourages positive thinking, courage, learning or self-improvement.","the height of the ridiculous,main idea,exam practice",Important,Easy,,
English,4.4,Write one lesson from 'The Height of the Ridiculous' that can be applied in daily life.,2,"Read the chapter carefully and identify its main idea, key events, characters or message.",State the lesson clearly and link it to a practical action or attitude in everyday life.,"the height of the ridiculous,main idea,exam practice",Important,Easy,,
English,4.4,What is the writer's main purpose in 'The Height of the Ridiculous'?,2,"Read the chapter carefully and identify its main idea, key events, characters or message.","The writer's purpose is to communicate the chapter's central idea and make the reader think, feel or learn through the chosen form and examples.","the height of the ridiculous,main idea,exam practice",Important,Easy,,
English,4.4,Find and explain one important contrast in 'The Height of the Ridiculous'.,3,"Read the chapter carefully and identify its main idea, key events, characters or message.","Mention two contrasting ideas, situations or attitudes and explain how the contrast strengthens the chapter's message.","the height of the ridiculous,main idea,exam practice",Important,Medium,,
English,4.4,How does the setting or situation support 'The Height of the Ridiculous'?,2,"Read the chapter carefully and identify its main idea, key events, characters or message.",The setting or situation creates the conditions in which the main events or ideas become meaningful.,"the height of the ridiculous,main idea,exam practice",Important,Easy,,
English,4.4,Write a 4-sentence appreciation of 'The Height of the Ridiculous'.,4,"Read the chapter carefully and identify its main idea, key events, characters or message.","Mention the subject, important idea, notable feature and the reason the chapter is meaningful to readers.","the height of the ridiculous,main idea,exam practice",Important,Hard,,
English,4.4,What makes 'The Height of the Ridiculous' memorable?,2,"Read the chapter carefully and identify its main idea, key events, characters or message.","Its memorable quality comes from its important subject, strong message, characters, incidents, images or emotional effect.","the height of the ridiculous,main idea,exam practice",Important,Easy,,
English,4.4,How can the main message of 'The Height of the Ridiculous' help a weak student?,2,"Read the chapter carefully and identify its main idea, key events, characters or message.","It can encourage steady effort, learning from mistakes and practical improvement instead of giving up.","the height of the ridiculous,main idea,exam practice",Important,Easy,,
English,4.4,Write three keywords related to 'The Height of the Ridiculous'.,1,"Read the chapter carefully and identify its main idea, key events, characters or message.","Choose three keywords directly connected with the chapter's subject, ideas, characters or events.","the height of the ridiculous,main idea,exam practice",Important,Easy,,
English,4.4,Write a short answer on the most important idea in 'The Height of the Ridiculous'.,2,"Read the chapter carefully and identify its main idea, key events, characters or message.",State the idea in one or two clear sentences and support it with one relevant reference.,"the height of the ridiculous,main idea,exam practice",Important,Easy,,
English,4.4,Why should students study 'The Height of the Ridiculous' carefully for examination?,2,"Read the chapter carefully and identify its main idea, key events, characters or message.","Careful study helps students understand the main idea, important details, vocabulary and likely question patterns.","the height of the ridiculous,main idea,exam practice",Important,Easy,,
English,4.4,Frame one exam question based on 'The Height of the Ridiculous' and answer it.,3,"Read the chapter carefully and identify its main idea, key events, characters or message.","The question should test an important idea from the chapter, and the answer should be concise, relevant and text-based.","the height of the ridiculous,main idea,exam practice",Important,Medium,,
English,4.4,What is your personal response to 'The Height of the Ridiculous'?,3,"Read the chapter carefully and identify its main idea, key events, characters or message.",State your opinion clearly and support it with one reason or reference from the chapter.,"the height of the ridiculous,main idea,exam practice",Important,Hard,,
English,4.5,What is the central idea of 'The Old Man and The Sea: Book Review'?,2,"Read the chapter carefully and identify its main idea, key events, characters or message.","The central idea is the main message or thought developed through the chapter, explained with reference to its key events, ideas or images.","the old man and the sea: book review,main idea,exam practice",Important,Easy,,
English,4.5,Write a short summary of 'The Old Man and The Sea: Book Review'.,3,"Read the chapter carefully and identify its main idea, key events, characters or message.",A good summary briefly presents the main events or ideas in logical order without unnecessary details.,"the old man and the sea: book review,main idea,exam practice",Important,Medium,,
English,4.5,What important value can a student learn from 'The Old Man and The Sea: Book Review'?,2,"Read the chapter carefully and identify its main idea, key events, characters or message.","The lesson can be connected with values such as courage, honesty, perseverance, compassion, wisdom or responsible action, depending on the chapter.","the old man and the sea: book review,main idea,exam practice",Important,Easy,,
English,4.5,Explain the title 'The Old Man and The Sea: Book Review'.,2,"Read the chapter carefully and identify its main idea, key events, characters or message.","The title is meaningful because it points to the main subject, incident, character, image or message of the chapter.","the old man and the sea: book review,main idea,exam practice",Important,Easy,,
English,4.5,Give two important themes in 'The Old Man and The Sea: Book Review'.,3,"Read the chapter carefully and identify its main idea, key events, characters or message.",State two major ideas developed in the chapter and support each with a relevant reference from the text.,"the old man and the sea: book review,main idea,exam practice",Important,Medium,,
English,4.5,Describe one important character or personality presented in 'The Old Man and The Sea: Book Review'.,3,"Read the chapter carefully and identify its main idea, key events, characters or message.","Describe the person's qualities, actions and decisions, and explain how these contribute to the chapter.","the old man and the sea: book review,main idea,exam practice",Important,Medium,,
English,4.5,What turning point is important in 'The Old Man and The Sea: Book Review'?,3,"Read the chapter carefully and identify its main idea, key events, characters or message.",Identify the event or realization that changes the direction of the narrative or the understanding of the subject.,"the old man and the sea: book review,main idea,exam practice",Important,Medium,,
English,4.5,How does 'The Old Man and The Sea: Book Review' inspire the reader?,2,"Read the chapter carefully and identify its main idea, key events, characters or message.","It inspires the reader through an idea, experience or example that encourages positive thinking, courage, learning or self-improvement.","the old man and the sea: book review,main idea,exam practice",Important,Easy,,
English,4.5,Write one lesson from 'The Old Man and The Sea: Book Review' that can be applied in daily life.,2,"Read the chapter carefully and identify its main idea, key events, characters or message.",State the lesson clearly and link it to a practical action or attitude in everyday life.,"the old man and the sea: book review,main idea,exam practice",Important,Easy,,
English,4.5,What is the writer's main purpose in 'The Old Man and The Sea: Book Review'?,2,"Read the chapter carefully and identify its main idea, key events, characters or message.","The writer's purpose is to communicate the chapter's central idea and make the reader think, feel or learn through the chosen form and examples.","the old man and the sea: book review,main idea,exam practice",Important,Easy,,
English,4.5,Find and explain one important contrast in 'The Old Man and The Sea: Book Review'.,3,"Read the chapter carefully and identify its main idea, key events, characters or message.","Mention two contrasting ideas, situations or attitudes and explain how the contrast strengthens the chapter's message.","the old man and the sea: book review,main idea,exam practice",Important,Medium,,
English,4.5,How does the setting or situation support 'The Old Man and The Sea: Book Review'?,2,"Read the chapter carefully and identify its main idea, key events, characters or message.",The setting or situation creates the conditions in which the main events or ideas become meaningful.,"the old man and the sea: book review,main idea,exam practice",Important,Easy,,
English,4.5,Write a 4-sentence appreciation of 'The Old Man and The Sea: Book Review'.,4,"Read the chapter carefully and identify its main idea, key events, characters or message.","Mention the subject, important idea, notable feature and the reason the chapter is meaningful to readers.","the old man and the sea: book review,main idea,exam practice",Important,Hard,,
English,4.5,What makes 'The Old Man and The Sea: Book Review' memorable?,2,"Read the chapter carefully and identify its main idea, key events, characters or message.","Its memorable quality comes from its important subject, strong message, characters, incidents, images or emotional effect.","the old man and the sea: book review,main idea,exam practice",Important,Easy,,
English,4.5,How can the main message of 'The Old Man and The Sea: Book Review' help a weak student?,2,"Read the chapter carefully and identify its main idea, key events, characters or message.","It can encourage steady effort, learning from mistakes and practical improvement instead of giving up.","the old man and the sea: book review,main idea,exam practice",Important,Easy,,
English,4.5,Write three keywords related to 'The Old Man and The Sea: Book Review'.,1,"Read the chapter carefully and identify its main idea, key events, characters or message.","Choose three keywords directly connected with the chapter's subject, ideas, characters or events.","the old man and the sea: book review,main idea,exam practice",Important,Easy,,
English,4.5,Write a short answer on the most important idea in 'The Old Man and The Sea: Book Review'.,2,"Read the chapter carefully and identify its main idea, key events, characters or message.",State the idea in one or two clear sentences and support it with one relevant reference.,"the old man and the sea: book review,main idea,exam practice",Important,Easy,,
English,4.5,Why should students study 'The Old Man and The Sea: Book Review' carefully for examination?,2,"Read the chapter carefully and identify its main idea, key events, characters or message.","Careful study helps students understand the main idea, important details, vocabulary and likely question patterns.","the old man and the sea: book review,main idea,exam practice",Important,Easy,,
English,4.5,Frame one exam question based on 'The Old Man and The Sea: Book Review' and answer it.,3,"Read the chapter carefully and identify its main idea, key events, characters or message.","The question should test an important idea from the chapter, and the answer should be concise, relevant and text-based.","the old man and the sea: book review,main idea,exam practice",Important,Medium,,
English,4.5,What is your personal response to 'The Old Man and The Sea: Book Review'?,3,"Read the chapter carefully and identify its main idea, key events, characters or message.",State your opinion clearly and support it with one reason or reference from the chapter.,"the old man and the sea: book review,main idea,exam practice",Important,Hard,,
English,4.6,What is the central idea of 'The Gift of the Magi'?,2,"Read the chapter carefully and identify its main idea, key events, characters or message.","The central idea is the main message or thought developed through the chapter, explained with reference to its key events, ideas or images.","the gift of the magi,main idea,exam practice",Important,Easy,,
English,4.6,Write a short summary of 'The Gift of the Magi'.,3,"Read the chapter carefully and identify its main idea, key events, characters or message.",A good summary briefly presents the main events or ideas in logical order without unnecessary details.,"the gift of the magi,main idea,exam practice",Important,Medium,,
English,4.6,What important value can a student learn from 'The Gift of the Magi'?,2,"Read the chapter carefully and identify its main idea, key events, characters or message.","The lesson can be connected with values such as courage, honesty, perseverance, compassion, wisdom or responsible action, depending on the chapter.","the gift of the magi,main idea,exam practice",Important,Easy,,
English,4.6,Explain the title 'The Gift of the Magi'.,2,"Read the chapter carefully and identify its main idea, key events, characters or message.","The title is meaningful because it points to the main subject, incident, character, image or message of the chapter.","the gift of the magi,main idea,exam practice",Important,Easy,,
English,4.6,Give two important themes in 'The Gift of the Magi'.,3,"Read the chapter carefully and identify its main idea, key events, characters or message.",State two major ideas developed in the chapter and support each with a relevant reference from the text.,"the gift of the magi,main idea,exam practice",Important,Medium,,
English,4.6,Describe one important character or personality presented in 'The Gift of the Magi'.,3,"Read the chapter carefully and identify its main idea, key events, characters or message.","Describe the person's qualities, actions and decisions, and explain how these contribute to the chapter.","the gift of the magi,main idea,exam practice",Important,Medium,,
English,4.6,What turning point is important in 'The Gift of the Magi'?,3,"Read the chapter carefully and identify its main idea, key events, characters or message.",Identify the event or realization that changes the direction of the narrative or the understanding of the subject.,"the gift of the magi,main idea,exam practice",Important,Medium,,
English,4.6,How does 'The Gift of the Magi' inspire the reader?,2,"Read the chapter carefully and identify its main idea, key events, characters or message.","It inspires the reader through an idea, experience or example that encourages positive thinking, courage, learning or self-improvement.","the gift of the magi,main idea,exam practice",Important,Easy,,
English,4.6,Write one lesson from 'The Gift of the Magi' that can be applied in daily life.,2,"Read the chapter carefully and identify its main idea, key events, characters or message.",State the lesson clearly and link it to a practical action or attitude in everyday life.,"the gift of the magi,main idea,exam practice",Important,Easy,,
English,4.6,What is the writer's main purpose in 'The Gift of the Magi'?,2,"Read the chapter carefully and identify its main idea, key events, characters or message.","The writer's purpose is to communicate the chapter's central idea and make the reader think, feel or learn through the chosen form and examples.","the gift of the magi,main idea,exam practice",Important,Easy,,
English,4.6,Find and explain one important contrast in 'The Gift of the Magi'.,3,"Read the chapter carefully and identify its main idea, key events, characters or message.","Mention two contrasting ideas, situations or attitudes and explain how the contrast strengthens the chapter's message.","the gift of the magi,main idea,exam practice",Important,Medium,,
English,4.6,How does the setting or situation support 'The Gift of the Magi'?,2,"Read the chapter carefully and identify its main idea, key events, characters or message.",The setting or situation creates the conditions in which the main events or ideas become meaningful.,"the gift of the magi,main idea,exam practice",Important,Easy,,
English,4.6,Write a 4-sentence appreciation of 'The Gift of the Magi'.,4,"Read the chapter carefully and identify its main idea, key events, characters or message.","Mention the subject, important idea, notable feature and the reason the chapter is meaningful to readers.","the gift of the magi,main idea,exam practice",Important,Hard,,
English,4.6,What makes 'The Gift of the Magi' memorable?,2,"Read the chapter carefully and identify its main idea, key events, characters or message.","Its memorable quality comes from its important subject, strong message, characters, incidents, images or emotional effect.","the gift of the magi,main idea,exam practice",Important,Easy,,
English,4.6,How can the main message of 'The Gift of the Magi' help a weak student?,2,"Read the chapter carefully and identify its main idea, key events, characters or message.","It can encourage steady effort, learning from mistakes and practical improvement instead of giving up.","the gift of the magi,main idea,exam practice",Important,Easy,,
English,4.6,Write three keywords related to 'The Gift of the Magi'.,1,"Read the chapter carefully and identify its main idea, key events, characters or message.","Choose three keywords directly connected with the chapter's subject, ideas, characters or events.","the gift of the magi,main idea,exam practice",Important,Easy,,
English,4.6,Write a short answer on the most important idea in 'The Gift of the Magi'.,2,"Read the chapter carefully and identify its main idea, key events, characters or message.",State the idea in one or two clear sentences and support it with one relevant reference.,"the gift of the magi,main idea,exam practice",Important,Easy,,
English,4.6,Why should students study 'The Gift of the Magi' carefully for examination?,2,"Read the chapter carefully and identify its main idea, key events, characters or message.","Careful study helps students understand the main idea, important details, vocabulary and likely question patterns.","the gift of the magi,main idea,exam practice",Important,Easy,,
English,4.6,Frame one exam question based on 'The Gift of the Magi' and answer it.,3,"Read the chapter carefully and identify its main idea, key events, characters or message.","The question should test an important idea from the chapter, and the answer should be concise, relevant and text-based.","the gift of the magi,main idea,exam practice",Important,Medium,,
English,4.6,What is your personal response to 'The Gift of the Magi'?,3,"Read the chapter carefully and identify its main idea, key events, characters or message.",State your opinion clearly and support it with one reason or reference from the chapter.,"the gift of the magi,main idea,exam practice",Important,Hard,,
